key	x	y	z	heading	kind	status	district_hint
M01.IceApproach	964.0	-3250.0	6.0	35	land	estimate	Terminal Island Dry-Docks
M01.CraneNest	976.6	-3239.5	6.0	35	land	estimate	Terminal Island Dry-Docks
M01.YachtDeck	1017.0	-3182.0	6.0	0	land	estimate	Terminal Island Dry-Docks
M01.ServiceTerminal	968.0	-3188.0	6.0	0	land	estimate	Terminal Island Dry-Docks
M01.WarehouseBay	1057.0	-3202.0	6.0	90	land	estimate	Terminal Island Dry-Docks
M01.PrototypeCar	1053.0	-3205.0	5.9	270	land	estimate	Terminal Island Dry-Docks
M01.CapoSpawn	1019.0	-3184.0	6.0	0	land	estimate	Terminal Island Dry-Docks
M01.LaunchEscape	1140.0	-3320.0	0.0	0	water	estimate	Terminal Island Dry-Docks
M01.RegroupPoint	1073.0	-3160.0	5.9	0	land	estimate	Terminal Island Dry-Docks
M01.ExitPoint	1180.00	-2990.00	5.90	0	land	estimate	Terminal Island Dry-Docks
M01.GuessApproach	1175.0	-3090.0	6.0	180	land	estimate	Terminal Island Dry-Docks
M01.GohanApproach	965.0	-3110.0	6.0	180	land	estimate	Terminal Island Dry-Docks
SM01.WarehouseGate	1034.580	-3036.400	5.900	85.3	land	surveyed	Terminal Island; Ron's in-game placement, September 13, 2026 (the loading lane and the yard north of it)
SM01.SergeiOffice	1005.540	-2997.990	5.900	87.7	land	surveyed	Terminal Island; Ron's in-game placement, September 13, 2026 (the loading lane and the yard north of it)
SM01.CrateLoad	1039.910	-3050.700	5.900	167.1	land	surveyed	Terminal Island; Ron's in-game placement, September 13, 2026 (the loading lane and the yard north of it)
M02.InterceptStart	102.0	-1810.0	27.0	60	land	estimate	East Los Santos / Olympic Fwy
M02.CanalEscape	285.0	-1900.0	24.0	0	land	estimate	East Los Santos / Olympic Fwy
M03.RailJunction	180.0	-1900.0	24.0	90	land	estimate	Davis
M03.DepotGate	1270.00	-1940.00	40.00	0	land	estimate	Cypress Flats / Murrieta Fields
M03.CraneControls	1286.00	-1956.00	40.00	0	land	estimate	Cypress Flats / Murrieta Fields
M03.HaulerSpawn	1254.00	-1928.00	40.00	180	land	estimate	Cypress Flats / Murrieta Fields
M04.GarageEntry	233.0	-800.0	30.0	0	land	estimate	Pillbox Hill / Textile City
M04.Breaker	254.10	-828.48	29.70	110.5	land	surveyed	Pillbox Hill, the lot breaker (Ron, September 12)
M04.RampGuards	240.0	-805.0	30.0	0	land	estimate	Pillbox Hill / Textile City
M04.ChaseCar	250.0	-790.0	30.0	250	land	estimate	Pillbox Hill / Textile City
M04.TextileCrash	80.0	-1080.0	29.0	0	land	estimate	Pillbox Hill / Textile City
M05.CliffPerch	2458.90	-993.31	120.49	190.7	land	surveyed	Palomino Highlands, Ice's perch (Ron, September 12)
M05.CoveAir	2630.0	-1190.0	0.0	0	water	estimate	Pacific Ocean, the flare point off the dinghy
M05.GrottoMouth	2536.4	-1258.14	1.77	187.8	water	surveyed	Palomino Highlands, Mateo's boat off the beach (Ron, September 12)
M05.Sandbar	2700	-1200	0	0	water	estimate	Pacific Ocean, shallow capture point; replaces the old inland estimate
M05.DinghySpawn	2663.2	-1161.7	1.3	187	water	surveyed	Palomino Highlands, the dinghy on the water (Ron, September 12)
M06.Culvert	-1180.0	-1350.0	4.0	0	land	estimate	Vespucci Canals LSPD Depot
M06.Feeder	-1208.19	-1328.63	4.85	24.2	land	surveyed	Vespucci Canals, the power box (Ron, September 12)
M06.SallyPort	-1170.28	-1276.46	5.57	283.4	land	surveyed	Vespucci Canals LSPD Depot
M06.ServerRacks	-1128.0	-1290.0	5.0	0	land	estimate	Vespucci Canals LSPD Depot
M06.AlleyHold	-1150.0	-1275.0	5.0	0	land	estimate	Vespucci Canals LSPD Depot
M06.GrangerSpawn	-1420.0	-1240.0	4.0	90	land	estimate	Vespucci Beach, staged away from the depot
M07.GarageRoof	-805.38	-617.22	96.2	57.2	land	surveyed	Rockford Hills, the relay roof (Ron, September 12)
M07.MastTop	-801.5	-614.5	96.2	57.2	land	surveyed	Rockford Hills, the antenna platform on the relay roof
M07.LandingZone	-831.94	-638.16	27.20	59.3	land	surveyed	Rockford Hills, Ron's pickup below the roof (Ron, September 12)
M08.WarehouseGate	240.0	-2900.0	6.0	0	land	estimate	Port of Los Santos Elysian Island
M08.CameraRoom	235.000	-2919.400	5.980	0	land	estimate	Elysian Island / security cabin exterior CCTV cabinet; CodeWalker ground checked, awaiting live survey
M08.CratePadOne	291.000	-2941.000	5.951	0	land	estimate	Elysian Island / Elysian loading apron; CodeWalker geometry checked, awaiting live survey
M08.CratePadTwo	301.000	-2931.000	5.960	0	land	estimate	Elysian Island / Elysian loading apron; CodeWalker geometry checked, awaiting live survey
M08.HaulerSpawn	248.0	-2952.0	6.0	90	land	estimate	Forklift apron fallback; runtime follows forklift road snap unless manually surveyed
M08.Connector	90.0	-2620.0	6.0	0	land	estimate	Port of Los Santos Elysian Island
SM02.RoofAccess	-1090.000	-256.000	57.924	270	land	estimate	Offline collision checked; live survey pending
SM02.ServerBay	-1078.000	-246.000	57.922	90	land	estimate	Offline collision checked; live survey pending
SM02.Terminal	-1082.000	-254.000	57.922	180	land	estimate	Offline collision checked; live survey pending
SM02.Exit	-1098.000	-266.000	37.620	0	land	estimate	Offline collision checked; live survey pending
SM03.StartLine	556.250	-1700.000	29.013	51.66665989090137	land	estimate	Innocence Blvd street grid; northbound freeway sprint
Base.CypressFlats	866.0	-2110.0	30.5	175	land	estimate	
Stash.CrewVan	858.000	-2116.000	30.664	175	land	estimate	CodeWalker collision-checked building approach; live door survey still available
M09.HeliSpawn	1520.00	3140.00	40.00	180	land	estimate	Grand Senora Desert
M09.ConvoyStart	1180.00	2650.00	38.00	270	land	estimate	Grand Senora Desert
M09.AmbushPoint	487.000	2681.250	43.079	90	land	estimate	Harmony road, rear escort stop; CodeWalker geometry checked, awaiting live survey
M09.Bunker	1975.000	3035.000	47.056	90	land	estimate	Grand Senora Desert / Desert staging apron, clear center; CodeWalker geometry checked, awaiting live survey
M09.Pickup	525.000	2740.000	44.120	270	land	estimate	Harmony open landing patch; CodeWalker geometry checked, awaiting live survey
M10.ConvoyStart	-1360.00	-620.00	27.00	30	land	estimate	Del Perro
M10.BridgePoint	-1503.000	-795.500	18.095	60	land	estimate	Del Perro / Existing route, corrected road support; CodeWalker geometry checked, awaiting live survey
M10.TunnelMouth	121.500	-1871.000	24.136	120	land	estimate	Davis / Existing route, corrected road support; CodeWalker geometry checked, awaiting live survey
M11.ChopShop	850.000	-2090.000	30.172	90	land	estimate	Cypress Flats / Foundry north service apron, portable tuning bay; CodeWalker checked, live survey pending
M11.DynoPad	850.000	-2090.000	30.172	90	land	estimate	Cypress Flats / Foundry north service apron; CodeWalker checked, live survey pending
M12.SouthJetty	1120.000	-3340.000	5.000	180	land	estimate	Terminal / SouthJetty; map preflight, live survey pending
M12.FreighterHull	1100.000	-3380.000	-8.000	0	water	estimate	Terminal / FreighterHull; map preflight, live survey pending
M12.SonarBuoy	1140.000	-3380.000	-4.000	0	water	estimate	Terminal / SonarBuoy; map preflight, live survey pending
M12.PierWatch	1108.000	-3334.000	5.000	180	land	estimate	Terminal / PierWatch; map preflight, live survey pending
M13.KayakLaunch	-900	-1580	0.000	315	water	estimate	La Puerta / KayakLaunch; map preflight, live survey pending
M13.BargeOne	-1020.000	-1720.000	0.000	315	water	estimate	La Puerta channel; water and seabed sampled; runtime full-hull clearance
M13.BargeTwo	-920.000	-1600.000	0.000	315	water	estimate	La Puerta channel; water and seabed sampled; runtime full-hull clearance
M13.BargeThree	-820.000	-1520.000	0.000	315	water	estimate	La Puerta channel; water and seabed sampled; runtime full-hull clearance
M13.CanalSlipway	-950.000	-1500.000	5.169	270	land	estimate	La Puerta / CanalSlipway; map preflight, live survey pending
M14.OverwatchRidge	1640.000	3180.000	43.629	30	land	estimate	Grand Senora Desert / OverwatchRidge; map preflight, live survey pending
M14.HangarDoor	1730	3292	41.223	120	land	estimate	Grand Senora Desert / HangarDoor; map preflight, live survey pending
M14.PlaneSpawn	1740.00	3280.00	41.00	120	land	estimate	Grand Senora Desert / PlaneSpawn; map preflight, live survey pending
M14.McKenzieHangar	2120.00	4780.00	41.00	160	land	estimate	Grapeseed / McKenzieHangar; map preflight, live survey pending
M15.AdminEntry	1084.160	-3035.120	5.530	356.5	land	estimate	User requested arrival/extraction; underlying map floor 4.901m
M15.MaintenanceVault	1136.000	-3100.000	5.900	180	land	estimate	Terminal / MaintenanceVault; map preflight, live survey pending
M15.FiberSplice	1142.000	-3101.000	5.900	180	land	estimate	Terminal / FiberSplice; map preflight, live survey pending
M15.Exit	1084.160	-3035.120	5.530	356.5	land	estimate	User requested arrival/extraction; underlying map floor 4.901m
M16.DepotFence	-2626.000	2852.250	16.678	350	land	estimate	Lago Zancudo / DepotFence; map preflight, live survey pending
M16.Helipad	-2155.000	3220.000	32.810	30	land	estimate	Fort Zancudo / Helipad; map preflight, live survey pending
M16.CargobobSpawn	-2135.000	3260.000	31.820	150	land	estimate	Fort Zancudo / CargobobSpawn; map preflight, live survey pending
M16.CanyonRun	-785.30	4420.10	155.80	90	air	bible	Raton Canyon
M16.TerminalDrop	1030.00	-3060.00	5.00	180	land	estimate	Terminal / TerminalDrop; map preflight, live survey pending
M17.DrySlip	160.000	-2983	5.914	90	land	estimate	Elysian Island / DrySlip; map preflight, live survey pending
M17.WeldOne	160.000	-2973	5.914	90	land	estimate	Elysian Island / WeldOne; map preflight, live survey pending
M17.WeldTwo	160.000	-2978	5.914	90	land	estimate	Elysian Island / WeldTwo; map preflight, live survey pending
M17.WeldThree	160.000	-2983	5.914	90	land	estimate	Elysian Island / WeldThree; map preflight, live survey pending
M18.ChannelMark	1100.000	-3380.000	0.000	180	water	estimate	Terminal / ChannelMark; map preflight, live survey pending
M18.SaltHangar	1060	-3220	5.9	90	land	estimate	Terminal / SaltHangar; map preflight, live survey pending
M18.HaulerMark	1090	-3230	5.9	180	land	estimate	Terminal / HaulerMark; map preflight, live survey pending
M19.DiveStart	1126.000	-3410.000	0.000	0	water	estimate	Terminal hull-side preview; actual model bounds resolve runtime positions; CodeWalker checked, live survey pending
M19.HullBreach	1126.000	-3420.000	-8.000	0	water	estimate	Pacific Ocean / Terminal hull-side preview; actual model bounds resolve runtime positions; CodeWalker checked, live survey pending
M19.ClampOne	1126.000	-3416.000	-8.000	0	water	estimate	Pacific Ocean / Terminal hull-side preview; actual model bounds resolve runtime positions; CodeWalker checked, live survey pending
M19.ClampTwo	1126.000	-3424.000	-8.000	0	water	estimate	Pacific Ocean / Terminal hull-side preview; actual model bounds resolve runtime positions; CodeWalker checked, live survey pending
M19.Surface	1126.000	-3420.000	0.000	0	water	estimate	Pacific Ocean / Terminal hull-side preview; actual model bounds resolve runtime positions; CodeWalker checked, live survey pending
M20.HoverPoint	1050.00	-3330.00	35.00	180	air	estimate	Terminal
M20.DeckGunners	1080.00	-3190.00	6.00	0	land	estimate	Terminal
M20.ClimbOut	1240.00	-3420.00	80.00	20	air	estimate	Pacific Ocean
M21.LaunchSpawn	1140.000	-3380.000	0.000	180	water	estimate	Terminal outer escort basin; CodeWalker checked, live survey pending
M21.Breakwater	1320.00	-3520.00	0.00	20	water	estimate	Pacific Ocean
M21.RidgeCross	900.00	1200.00	260.00	0	air	estimate	Galileo Park
M21.ShoreLanding	1130.000	-3365.000	0.000	0	water	estimate	Terminal southern quay water approach; boarding route needs live survey
M21.RoadPickup	1130.000	-3340.000	6.000	90	land	estimate	Terminal southern quay pickup; boarding route needs live survey
M22.AlamoDrop	1150.000	4200.000	30.000	0	water	estimate	Alamo Sea / Alamo west inlet, six-meter minimum sampled depth; CodeWalker checked, live survey pending
M22.Beach	1100.000	4250.000	32.180	0	land	estimate	Alamo Sea / Alamo west inlet dry bank; CodeWalker checked, live survey pending
M22.RoadArrival	1100.000	4450.000	61.427	180	land	estimate	Mount Chiliad / Alamo west inlet road approach; CodeWalker checked, live survey pending
M23.Approach	846	2946	49.122	0	land	estimate	Grand Senora Desert bunker - installed Enhanced collision checked; live survey pending
M23.Entrance	848.9076	2996.916	45.44828	0	land	estimate	Bunker hatch platform; position from successful live entry on September 13; preserve above terrain navmesh
M23.ToolBay	863	2980	44.527	90	land	estimate	Grand Senora Desert bunker - installed Enhanced collision checked; live survey pending
M23.FuelBay	869	2992	43.709	0	land	estimate	Grand Senora Desert bunker - installed Enhanced collision checked; live survey pending
M23.VehicleBay	860	2964	45.636	0	land	estimate	Grand Senora Desert bunker - installed Enhanced collision checked; live survey pending
M23.PowerPanel	860	2998	42.285	0	land	estimate	Grand Senora Desert bunker - installed Enhanced collision checked; live survey pending
M23.EscapeRoad	868	3078	39.729	0	land	estimate	Grand Senora Desert bunker - installed Enhanced collision checked; live survey pending
M24.CraneSpawn	1090.000	4250.000	34.111	180	land	estimate	Alamo Sea / Alamo dry recovery bank; CodeWalker checked, live survey pending
M24.DredgePoint	1150.000	4200.000	30.000	0	water	estimate	Alamo Sea / Same Alamo cache as M22; CodeWalker checked, live survey pending
M24.RidgeLine	1100.000	4450.000	61.427	180	land	estimate	Mount Chiliad / Alamo road lookout; CodeWalker checked, live survey pending
M24.RidgeRoad	1089.000	4437.500	61.406	110	land	estimate	Mount Chiliad / Alamo north access road; CodeWalker checked, live survey pending
M25.BridgeDeck	-515.000	4420.000	89.045	172	land	estimate	Cassidy Creek / Raton railway span; CodeWalker checked, live survey pending
M25.DeckApproach	-527.000	4515.000	89.034	172	land	estimate	Raton Canyon / Raton railway north approach; CodeWalker checked, live survey pending
M25.RimPost	-400.000	4350.000	55.174	320	land	estimate	Raton Canyon / Raton south bank lookout; CodeWalker checked, live survey pending
M25.TankerSpot	-506.000	4360.000	89.042	172	land	estimate	Raton Canyon / Raton railway southern access blocked by tanker; CodeWalker checked, live survey pending
M25.Riverbed	-370.000	4435.000	30.000	90	water	estimate	Cassidy Creek / Raton river mouth extraction east of span; CodeWalker checked, live survey pending
M26.DusterPad	2130.00	4790.00	41.00	160	land	estimate	Grapeseed
M26.PatrolBox	900.00	4200.00	220.00	0	air	estimate	Alamo Sea
M27.FormUp	-100.00	5000.00	700.00	270	air	estimate	Mount Chiliad
M27.JetTrack	-1400.00	5200.00	700.00	250	air	estimate	Mount Chiliad
M27.SeaPickup	3560.000	5190.000	0.000	250	water	estimate	Mount Gordo / open water 110 m off El Gordo Lighthouse, under the McKenzie departure path; the old point was 5.6 km away at the other end of the north coast, which is why the glide could not reach it
M27.Shore	3400.000	5180.000	0.000	210	water	estimate	Pacific Ocean / the water directly under El Gordo Lighthouse, 40 m off the headland; the boat leg ends here rather than on a beach, because at the waterline the land is below sea level
M27.Landing	3400.000	5140.000	12.000	200	land	estimate	El Gordo Lighthouse / the headland above the water landing, 45 m from the tower; archives show 46 m clear for a vehicle, live survey pending
M27.Depot	1975.000	4985.000	39.800	90	land	estimate	Grapeseed / apron beside the pipe-department shed at (2001, 4980, 43.2), 1.4 km from the lighthouse; archives show 18 m clear, live survey pending
Home.Ice	-1112.0	-1578.0	4.5	120	land	estimate	Vespucci Canals
Home.Gohan	-693.0	-1004.0	20.0	90	land	estimate	Little Seoul
Home.Guess	1169.0	-1650.0	36.0	90	land	estimate	El Burro Heights
Apartment.Starter.Ice	-667.02	-1105.24	14.63	242	land	estimate	Little Seoul
Apartment.Starter.Gohan	-1288.52	-430.51	35.15	124	land	estimate	Richards Majestic
Apartment.Starter.Guess	291.517	-1078.674	29.405	270	land	estimate	Mission Row
Apartment.Luxury.Entrance	-773.6176	299.3455	85.7201	3	land	estimate	Rockford Hills
Apartment.Starter.Interior.Ice	261.4586	-998.8196	-99.00863	0	underground	estimate	
Apartment.Starter.Interior.Gohan	347.2686	-999.2955	-99.19622	0	underground	estimate	
Apartment.Starter.Interior.Guess	-14.30	-1438.50	31.10	180	interior	estimate	the stock Strawberry house interior, behind the Mission Row door
Apartment.Top.Entrance	925.30	46.60	81.10	60	land	estimate	The Diamond, front doors
Apartment.Top.Interior	976.636	70.295	115.164	0	interior	estimate	The Diamond penthouse (two floors; IPL vw_casino_penthouse)
Apartment.Room.Ice.Door	261.46	-998.82	-99.01	180	underground	estimate	Ice's studio; survey inside
Apartment.Room.Ice.Message	261.46	-996.82	-99.01	0	underground	estimate	Ice's studio; survey inside
Apartment.Room.Ice.Wardrobe	263.16	-998.82	-99.01	90	underground	estimate	Ice's studio; survey inside
Apartment.Room.Ice.Bed	259.76	-998.82	-99.01	270	underground	estimate	Ice's studio; survey inside
Apartment.Room.Ice.Locker	262.66	-997.02	-99.01	0	underground	estimate	Ice's studio; survey inside
Apartment.Room.Gohan.Door	347.27	-999.30	-99.20	180	underground	estimate	Gohan's one-bedroom; survey inside
Apartment.Room.Gohan.Message	347.27	-997.30	-99.20	0	underground	estimate	Gohan's one-bedroom; survey inside
Apartment.Room.Gohan.Wardrobe	348.97	-999.30	-99.20	90	underground	estimate	Gohan's one-bedroom; survey inside
Apartment.Room.Gohan.Bed	345.57	-999.30	-99.20	270	underground	estimate	Gohan's one-bedroom; survey inside
Apartment.Room.Gohan.Locker	348.47	-997.50	-99.20	0	underground	estimate	Gohan's one-bedroom; survey inside
Apartment.Room.Guess.Door	-14.30	-1438.50	31.10	180	interior	estimate	Strawberry house; survey inside
Apartment.Room.Guess.Message	-14.30	-1436.50	31.10	0	interior	estimate	Strawberry house; survey inside
Apartment.Room.Guess.Wardrobe	-12.60	-1438.50	31.10	90	interior	estimate	Strawberry house; survey inside
Apartment.Room.Guess.Bed	-16.00	-1438.50	31.10	270	interior	estimate	Strawberry house; survey inside
Apartment.Room.Guess.Locker	-13.10	-1436.70	31.10	0	interior	estimate	Strawberry house; survey inside
Apartment.Luxury.Ice	-786.8663	315.7642	217.6385	0	interior	estimate	
Apartment.Luxury.Gohan	-774.0126	342.0428	196.6864	0	interior	estimate	
Apartment.Luxury.Guess	-786.9563	315.6229	187.9136	0	interior	estimate	
M28.Approach	737	2523	73	0	land	estimate	
M28.Relay	737	2573	75	0	land	estimate	
M28.Cover	730.000	2550.000	76.210	0	land	estimate	Grand Senora Desert / Relay hill, level shoulder beside the rock; CodeWalker geometry checked, awaiting live survey
M28.Pickup	641.000	2479.000	63.158	270	land	estimate	Grand Senora Desert / Relay extraction road; CodeWalker geometry checked, awaiting live survey
M28.Response	772.000	2562.000	75.711	180	land	estimate	Grand Senora Desert / Relay response road; CodeWalker geometry checked, awaiting live survey
M29.Approach	2414	4996	46	0	land	estimate	
M29.Cover	2451	5025	46	0	land	estimate	
M29.Valve	2486.000	5050.000	48.691	0	land	estimate	Grapeseed / Existing mission site, corrected support height; CodeWalker geometry checked, awaiting live survey
M29.Truck	2473	5007	46	225	land	estimate	
M29.Senora.Delivery	858	2968	45.403	0	land	estimate	Grand Senora Desert bunker - installed Enhanced collision checked; live survey pending
M30.Start	-432.500	3946.250	67.630	300	land	estimate	Mount Josiah / Calafia road approach; saved Bend and Exit retained; CodeWalker geometry checked, awaiting live survey
M30.Bend	-685	3996	130	0	land	estimate	
M30.Exit	-1083	4362	13	0	land	estimate	
SM04.Approach	2830.000	2790.000	57.649	0	land	estimate	Davis Quartz quarry, connected service tracks; CodeWalker geometry checked, awaiting live survey
SM04.Overlook	2860.000	2760.000	66.004	0	land	estimate	Davis Quartz quarry, connected service tracks; CodeWalker geometry checked, awaiting live survey
SM04.NestOne	2890.000	2820.000	55.597	0	land	estimate	Davis Quartz quarry, connected service tracks; CodeWalker geometry checked, awaiting live survey
SM04.NestTwo	2920.000	2850.000	55.867	0	land	estimate	Davis Quartz quarry, connected service tracks; CodeWalker geometry checked, awaiting live survey
SM05.Shore	-2780	2540	2.015	0	land	estimate	Lago Zancudo estuary mouth; CodeWalker geometry checked, awaiting live survey
SM05.Boat	-2780	2580	0.2	0	water	estimate	Lago Zancudo estuary mouth; CodeWalker geometry checked, awaiting live survey
SM05.Buoy	-2900	2580	0.2	0	water	estimate	Pacific Ocean / Zancudo estuary mouth; CodeWalker depth and direct boat route checked, awaiting live survey
SM06.Approach	-1085	2664	18	90	land	estimate	Open ground clear of the shop; verified empty in the archives
SM06.Truck	-1093	2671	18	90	land	estimate	Open ground clear of the shop; verified empty in the archives
Prologue.LSIACurb	-1034.6	-2731.9	13.76	330	land	estimate	Los Santos International Airport
Prologue.LSIACar	-1040.79	-2718.86	13.21	240.5	land	surveyed	Los Santos International Airport, the arrival car (Ron, September 12)
SM06.Bend	-1469.500	4474.500	18.139	0	land	estimate	Raton Canyon / Existing route, corrected road support; CodeWalker geometry checked, awaiting live survey
SM06.Delivery	2045.000	4780.000	40.300	110	land	estimate	Grapeseed / McKenzie apron; the previous point had 1.8 m of room among paint cans and box piles, this one is verified clear for 23.8 m in the archives; live survey pending
M19.Worksite	1100.000	-3420.000	0.000	0	water	estimate	Pacific Ocean / Terminal outer work basin; CodeWalker checked, live survey pending
M19.BullionSurface	1115.000	-3420.000	0.000	0	water	estimate	Pacific Ocean / Terminal hull-side preview; actual model bounds resolve runtime positions; CodeWalker checked, live survey pending
M04.IceWatch	218.08	-747.07	47.08	267.1	land	surveyed	Pillbox Hill, Ice's overwatch above the lot (Ron, September 12)
Base.CypressFlatsCar	866.96	-2104.50	29.92	353.8	land	surveyed	Cypress Flats, the crew's car at the base (Ron, September 12)
M05.LightCrew	2524.03	-1228.29	2.20	0.8	land	surveyed	Palomino Highlands, the beach where the generator crew works (Ron, September 12)
M05.Start	2304.40	-693.91	64.10	191.6	land	surveyed	Palomino Highlands, the road above the cove: M05's marker (Ron, September 12)
M07.IceStart	-75.47	-824.79	321.29	113.1	land	surveyed	Maze Bank Tower roof: Ice's jump-off (Ron, September 12)
Apartment.MissionRow.Interior	-35.31277	-580.4199	88.71221	0	interior	estimate	Pillbox Hill apartment shell behind personal street entrance; reference anchor, door and furniture need survey
Apartment.Room.MissionRow.Door	-35.31277	-580.4199	88.71221	0	interior	estimate	Pillbox Hill apartment shell behind personal street entrance; reference anchor, door and furniture need survey
Apartment.Room.MissionRow.Message	-35.31277	-580.4199	88.71221	0	interior	estimate	Pillbox Hill apartment shell behind personal street entrance; reference anchor, door and furniture need survey
Apartment.Room.MissionRow.Wardrobe	-35.31277	-580.4199	88.71221	0	interior	estimate	Pillbox Hill apartment shell behind personal street entrance; reference anchor, door and furniture need survey
Apartment.Room.MissionRow.Bed	-35.31277	-580.4199	88.71221	0	interior	estimate	Pillbox Hill apartment shell behind personal street entrance; reference anchor, door and furniture need survey
Apartment.Room.MissionRow.Locker	-35.31277	-580.4199	88.71221	0	interior	estimate	Pillbox Hill apartment shell behind personal street entrance; reference anchor, door and furniture need survey
Garage.Eclipse	-798.000	300.000	85.744	3	land	estimate	CodeWalker collision-checked building approach; live door survey still available
Garage.Diamond	903.000	30.000	79.821	60	land	estimate	CodeWalker collision-checked building approach; live door survey still available
Garage.MissionRow	259.000	-1112.000	29.487	270	land	estimate	CodeWalker collision-checked building approach; live door survey still available
Garage.LittleSeoul	-682.000	-1112.000	14.525	0	land	estimate	CodeWalker collision-checked building approach; live door survey still available
Garage.Richards	-1294.000	-466.000	34.777	0	land	estimate	CodeWalker collision-checked building approach; live door survey still available
Garage.PopularStreet	805.000	-1021.000	26.072	0	land	estimate	CodeWalker collision-checked building approach; live door survey still available
Garage.Rancho	441.000	-1725.000	29.338	0	land	estimate	CodeWalker collision-checked building approach; live door survey still available
Garage.DelPerro	-1198.000	-1568.000	4.617	0	land	estimate	CodeWalker collision-checked building approach; live door survey still available
Garage.Vinewood	200.000	292.000	105.595	0	land	estimate	CodeWalker collision-checked building approach; live door survey still available
Garage.Pillbox	258.000	-404.000	45.276	0	land	estimate	CodeWalker collision-checked building approach; live door survey still available
Hideout.Foundry.Entrance	866.000	-2122.000	30.499	0	land	estimate	CodeWalker collision-checked building approach; live door survey still available
Hideout.Foundry.Interior	998.4809	-3164.711	-38.90733	90	interior	estimate	Industrial clubhouse reference anchor; survey furniture spots inside; services available at entry
Hideout.Foundry.Room.Door	998.4809	-3164.711	-38.90733	90	interior	estimate	Industrial clubhouse reference anchor; survey furniture spots inside; services available at entry
Hideout.Foundry.Room.Planning	998.4809	-3164.711	-38.90733	90	interior	estimate	Industrial clubhouse reference anchor; survey furniture spots inside; services available at entry
Hideout.Foundry.Room.Wardrobe	998.4809	-3164.711	-38.90733	90	interior	estimate	Industrial clubhouse reference anchor; survey furniture spots inside; services available at entry
Hideout.Foundry.Room.Bed	998.4809	-3164.711	-38.90733	90	interior	estimate	Industrial clubhouse reference anchor; survey furniture spots inside; services available at entry
Hideout.Foundry.Room.Locker	998.4809	-3164.711	-38.90733	90	interior	estimate	Industrial clubhouse reference anchor; survey furniture spots inside; services available at entry
M09.IceStart	490.000	2700.000	42.938	180	land	estimate	Harmony roadside lookout; CodeWalker geometry checked, awaiting live survey
M09.GohanStart	1965.000	3055.000	46.845	180	land	estimate	Grand Senora Desert / Desert staging apron, clear of landing rotor; CodeWalker geometry checked, awaiting live survey
M11.FlatbedSpawn	844.000	-2060.000	29.855	180	land	estimate	Cypress Flats / Foundry north apron engine delivery; CodeWalker checked, live survey pending
M11.GohanStart	862.000	-2060.000	30.180	180	land	estimate	Cypress Flats / Foundry north apron radio arrival; CodeWalker checked, live survey pending
M11.IceStart	844.000	-2090.000	30.090	270	land	estimate	Cypress Flats / Foundry tool station beside dyno; CodeWalker checked, live survey pending
M11.GuessStart	856.000	-2084.000	30.162	180	land	estimate	Cypress Flats / Foundry bay approach; CodeWalker checked, live survey pending
M25.HunterApproach	-527.000	4515.000	89.034	172	land	estimate	Raton Canyon / Raton railway assault approach; CodeWalker checked, live survey pending
M24.RecoveryPad	1100.000	4250.000	32.180	180	land	estimate	Alamo Sea / Alamo dry recovery pad; CodeWalker checked, live survey pending
M24.GohanWork	1100.000	4240.000	31.628	140	land	estimate	Alamo Sea / Alamo shoreline cable controls on dry ground; CodeWalker checked, live survey pending
M24.IceStart	1100.000	4450.000	61.427	180	land	estimate	Mount Chiliad / Alamo road lookout; CodeWalker checked, live survey pending
M13.AlarmSpawn	-900	-1580	0.000	315	water	estimate	La Puerta / AlarmSpawn; map preflight, live survey pending
Garage.Eclipse.VehicleSpawn	-798.500	285.500	86.063	3	land	estimate	Separate road node for vehicle retrieval; not the purchase marker
Garage.Diamond.VehicleSpawn	902.000	24.000	79.25	60	land	estimate	Separate road node for vehicle retrieval; not the purchase marker
Garage.MissionRow.VehicleSpawn	261.250	-1131.250	29.406	270	land	estimate	Separate road node for vehicle retrieval; not the purchase marker
Garage.LittleSeoul.VehicleSpawn	-688.000	-1108.000	14.5	0	land	estimate	Separate road node for vehicle retrieval; not the purchase marker
Garage.Richards.VehicleSpawn	-1315.000	-477.750	33.438	0	land	estimate	Separate road node for vehicle retrieval; not the purchase marker
Garage.PopularStreet.VehicleSpawn	801.500	-1005.250	26.125	0	land	estimate	Separate road node for vehicle retrieval; not the purchase marker
Garage.Rancho.VehicleSpawn	455.500	-1731.500	28.906	0	land	estimate	Separate road node for vehicle retrieval; not the purchase marker
Garage.DelPerro.VehicleSpawn	-1187.000	-1565.500	4.281	0	land	estimate	Separate road node for vehicle retrieval; not the purchase marker
Garage.Vinewood.VehicleSpawn	233.250	275.000	105.563	0	land	estimate	Separate road node for vehicle retrieval; not the purchase marker
Garage.Pillbox.VehicleSpawn	273.500	-379.000	44.938	0	land	estimate	Separate road node for vehicle retrieval; not the purchase marker
M05.Chase1	2600	-1300	0	0	water	estimate	Pacific Ocean, offshore chase water route; CodeWalker segment audit
M05.Chase2	2700	-1300	0	0	water	estimate	Pacific Ocean, offshore chase water route; CodeWalker segment audit
M05.Chase3	2750	-1200	0	0	water	estimate	Pacific Ocean, offshore chase water route; CodeWalker segment audit
M05.Chase4	3000	-1200	0	0	water	estimate	Pacific Ocean, offshore chase water route; CodeWalker segment audit
M05.Chase5	3250	-1600	0	0	water	estimate	Pacific Ocean, offshore chase water route; CodeWalker segment audit
M05.Chase6	3250	-1050	0	0	water	estimate	Pacific Ocean, offshore chase water route; CodeWalker segment audit
M05.Chase7	2750	-1150	0	0	water	estimate	Pacific Ocean, offshore chase water route; CodeWalker segment audit
M12.KrakenSpawn	1120.000	-3360.000	0.000	180	water	estimate	Terminal / KrakenSpawn; map preflight, live survey pending
M12.KrakenReturn	1120.000	-3360.000	0.000	180	water	estimate	Terminal / KrakenReturn; map preflight, live survey pending
M12.GuessStart	1132.000	-3334.000	5.000	180	land	estimate	Terminal / GuessStart; map preflight, live survey pending
M12.PatrolSpawn1	1060.000	-3400.000	0.000	90	water	estimate	Terminal / PatrolSpawn1; map preflight, live survey pending
M12.PatrolRoute1	1060.000	-3440.000	0.000	180	water	estimate	Pacific Ocean / PatrolRoute1; map preflight, live survey pending
M12.PatrolSpawn2	1180.000	-3400.000	0.000	90	water	estimate	Terminal / PatrolSpawn2; map preflight, live survey pending
M12.PatrolRoute2	1180.000	-3440.000	0.000	180	water	estimate	Pacific Ocean / PatrolRoute2; map preflight, live survey pending
M13.Watchman1	-962.000	-1506.000	5.170	180	land	estimate	La Puerta / Watchman1; map preflight, live survey pending
M13.Watchman2	-953.000	-1506.000	5.170	180	land	estimate	La Puerta / Watchman2; map preflight, live survey pending
M13.Watchman3	-944.000	-1506.000	5.170	180	land	estimate	La Puerta / Watchman3; map preflight, live survey pending
M14.ApronGuard1	1710.000	3266.000	41.000	300	land	estimate	Grand Senora Desert / ApronGuard1; map preflight, live survey pending
M14.ApronGuard2	1715.000	3266.000	41.000	300	land	estimate	Grand Senora Desert / ApronGuard2; map preflight, live survey pending
M14.ApronGuard3	1720.000	3266.000	41.000	300	land	estimate	Grand Senora Desert / ApronGuard3; map preflight, live survey pending
M14.ApronGuard4	1725.000	3266.000	41.000	300	land	estimate	Grand Senora Desert / ApronGuard4; map preflight, live survey pending
M14.ApronGuard5	1730.000	3266.000	41.000	300	land	estimate	Grand Senora Desert / ApronGuard5; map preflight, live survey pending
M14.HangarGuard1	1720	3310	41.223	220	land	estimate	Grand Senora Desert / HangarGuard1; map preflight, live survey pending
M14.HangarGuard2	1730	3320	41.223	220	land	estimate	Grand Senora Desert / HangarGuard2; map preflight, live survey pending
M14.HangarGuard3	1740	3310	41.223	220	land	estimate	Grand Senora Desert / HangarGuard3; map preflight, live survey pending
M14.GuessStart	1720.000	3230.000	41.000	0	land	estimate	Grand Senora Desert / GuessStart; map preflight, live survey pending
M14.GohanStart	1655.000	3180.000	43.600	0	land	estimate	Grand Senora Desert / GohanStart; map preflight, live survey pending
M14.GrangerSpawn	1630.000	3166.000	43.000	0	land	estimate	Grand Senora Desert / GrangerSpawn; map preflight, live survey pending
M15.ServiceOffice	1142.000	-3105.000	5.900	0	land	estimate	Terminal / ServiceOffice; map preflight, live survey pending
M15.Cabinet	1142.000	-3102.400	5.900	0	land	estimate	Terminal / Cabinet; map preflight, live survey pending
M15.IceStart	1084.160	-3035.120	5.530	356.5	land	estimate	User requested arrival/extraction; underlying map floor 4.901m
M15.GrangerSpawn	1084.160	-3035.120	5.530	356.5	land	estimate	User requested arrival/extraction; underlying map floor 4.901m
M15.Watchman1	1116.000	-3108.000	5.900	180	land	estimate	Offline collision checked; live survey pending
M15.Watchman2	1156.000	-3124.000	5.900	180	land	estimate	Offline collision checked; live survey pending
M15.Watchman3	1132.000	-3140.000	5.900	180	land	estimate	Offline collision checked; live survey pending
M16.GrangerSpawn	-2626.000	2852.250	16.678	350	land	estimate	Lago Zancudo / GrangerSpawn; map preflight, live survey pending
M16.Marine1	-2160.000	3227.000	32.810	180	land	estimate	Offline collision checked; live survey pending
M16.Marine2	-2160.000	3234.000	32.810	180	land	estimate	Offline collision checked; live survey pending
M16.Marine3	-2153.000	3227.000	32.810	180	land	estimate	Offline collision checked; live survey pending
M16.Marine4	-2146.000	3220.000	32.810	180	land	estimate	Offline collision checked; live survey pending
M16.Marine5	-2132.000	3220.000	32.810	180	land	estimate	Offline collision checked; live survey pending
M16.Marine6	-2097.000	3227.000	32.810	180	land	estimate	Offline collision checked; live survey pending
M17.KrakenSpawn	100.000	-2970.000	0.000	0	water	estimate	Elysian Island / KrakenSpawn; map preflight, live survey pending
M17.ReleasePoint	166	-2976	5.89	90	land	estimate	Elysian Island / ReleasePoint; map preflight, live survey pending
M17.GuessStart	166.000	-2980.000	5.914	270	land	estimate	Elysian Island / GuessStart; map preflight, live survey pending
M17.GohanStart	171.000	-2958.000	5.914	180	land	estimate	Elysian Island / GohanStart; map preflight, live survey pending
M17.IceStart	173.000	-2990.000	5.914	270	land	estimate	Elysian Island / IceStart; map preflight, live survey pending
M17.GearSpawn	171.000	-2990.000	5.914	0	land	estimate	Elysian Island / GearSpawn; map preflight, live survey pending
M18.KrakenSpawn	1000.000	-3380.000	0.000	270	water	estimate	Terminal / KrakenSpawn; map preflight, live survey pending
M18.CargobobSpawn	1040	-3060	5.9	90	land	estimate	Terminal / CargobobSpawn; map preflight, live survey pending
M18.HaulerSpawn	1040.000	-2930.000	5.901	180	land	estimate	Offline collision checked; live survey pending
M18.LauncherWork	1094	-3233	5.9	90	land	estimate	Terminal / LauncherWork; map preflight, live survey pending
M18.LauncherCrate	1095	-3233	5.9	90	land	estimate	Terminal / LauncherCrate; map preflight, live survey pending
M18.PodWork	1060	-3205	5.9	180	land	estimate	Terminal / PodWork; map preflight, live survey pending
M18.PodCrate	1061	-3205	5.9	180	land	estimate	Terminal / PodCrate; map preflight, live survey pending
M31.Senora.Start	841	2964	44.846	0	land	estimate	Grand Senora Desert bunker - installed Enhanced collision checked; live survey pending
M31.Senora.IceStart	841	2964	44.846	0	land	estimate	Grand Senora Desert bunker - installed Enhanced collision checked; live survey pending
M31.Senora.GohanStart	860	2998	42.285	0	land	estimate	Grand Senora Desert bunker - installed Enhanced collision checked; live survey pending
M31.Senora.GuessStart	846	2956	46.619	0	land	estimate	Grand Senora Desert bunker - installed Enhanced collision checked; live survey pending
M31.Senora.CrewCar	846	2956	46.619	0	land	estimate	Grand Senora Desert bunker - installed Enhanced collision checked; live survey pending
M31.Senora.Generator	862.5	2998	42.348	0	land	estimate	Grand Senora Desert bunker - installed Enhanced collision checked; live survey pending
M31.Senora.GeneratorWork	860	2998	42.285	0	land	estimate	Grand Senora Desert bunker - installed Enhanced collision checked; live survey pending
M31.Senora.Barrier1	840	2970	44.57	90	land	estimate	Grand Senora Desert bunker - installed Enhanced collision checked; live survey pending
M31.Senora.Barrier2	868	2982	44.828	0	land	estimate	Grand Senora Desert bunker - installed Enhanced collision checked; live survey pending
M31.Senora.Barrier3	850	3020	41.009	90	land	estimate	Grand Senora Desert bunker - installed Enhanced collision checked; live survey pending
M31.Senora.Retreat	868	3078	39.729	0	land	estimate	Grand Senora Desert bunker - installed Enhanced collision checked; live survey pending
M31.Senora.Convoy1	868	3091.75	39.699	180	land	estimate	Grand Senora Desert bunker - installed Enhanced collision checked; live survey pending
M31.Senora.Convoy2	871.75	2853	56.528	0	land	estimate	Grand Senora Desert bunker - installed Enhanced collision checked; live survey pending
M31.Senora.Work1	843	2970	43.737	90	land	estimate	Grand Senora Desert bunker - installed Enhanced collision checked; live survey pending
M31.Senora.Charge1	840	2969	44.654	90	land	estimate	Grand Senora Desert bunker - installed Enhanced collision checked; live survey pending
M31.Senora.Work2	871	2982	44.271	0	land	estimate	Grand Senora Desert bunker - installed Enhanced collision checked; live survey pending
M31.Senora.Charge2	868	2981	44.841	0	land	estimate	Grand Senora Desert bunker - installed Enhanced collision checked; live survey pending
M31.Senora.Work3	853	3020	40.475	90	land	estimate	Grand Senora Desert bunker - installed Enhanced collision checked; live survey pending
M31.Senora.Charge3	850	3019	41.367	90	land	estimate	Grand Senora Desert bunker - installed Enhanced collision checked; live survey pending
M32.Start	-2770	2498	1.801	0	land	estimate	Offline support checked; live survey pending
M32.IceStart	-2760	2540	1.77	0	land	estimate	Offline support checked; live survey pending
M32.GohanStart	-2760	2500	1.734	0	land	estimate	Offline support checked; live survey pending
M32.GuessStart	-2770	2498.25	1.797	0	land	estimate	Offline support checked; live survey pending
M32.CrewCar	-2770	2498.25	1.797	0	land	estimate	Offline support checked; live survey pending
M32.Panel	-2773	2526	1.8	0	land	estimate	Offline support checked; live survey pending
M32.PanelWork	-2770	2526	1.791	0	land	estimate	Offline support checked; live survey pending
M32.Gate	-2754	2714	1.405	90	land	estimate	Offline support checked; live survey pending
M32.Office	-2767	2738	1.404	0	land	estimate	Offline support checked; live survey pending
M32.CaseOne	-2762	2728	1.741	0	land	estimate	Offline support checked; live survey pending
M32.CaseTwo	-2756	2728	1.721	0	land	estimate	Offline support checked; live survey pending
M32.Pickup	-2754.75	2741	1.435	0	land	estimate	Offline support checked; live survey pending
M32.Guard1	-2762	2716	1.345	0	land	estimate	Offline support checked; live survey pending
M32.Guard2	-2748	2722	1.052	0	land	estimate	Offline support checked; live survey pending
M32.Guard3	-2746	2745	1.294	0	land	estimate	Offline support checked; live survey pending
M32.Guard4	-2774	2750	0.595	0	land	estimate	Offline support checked; live survey pending
M32.Response	-2746	2828.5	1.373	180	land	estimate	Offline support checked; live survey pending
M32.Exit	-2662	2609	15.759	0	land	estimate	Offline support checked; live survey pending
M32.Senora.Delivery	858	2968	45.403	0	land	estimate	Grand Senora Desert bunker - installed Enhanced collision checked; live survey pending
M32.Senora.Workbench	863	2980	44.527	90	land	estimate	Grand Senora Desert bunker - installed Enhanced collision checked; live survey pending
M32.Boat	-2960	2620	0	120	water	estimate	Offline support checked; live survey pending
M32.LandingWater	-2840	2540	0	90	water	estimate	Offline support checked; live survey pending
M33.Start	2440	3180	45.16	0	land	estimate	Offline support checked; live survey pending
M33.IceStart	2440	3180	45.16	0	land	estimate	Offline support checked; live survey pending
M33.GohanStart	2460	3200	48.037	0	land	estimate	Offline support checked; live survey pending
M33.GuessStart	2472	3209	49.027	0	land	estimate	Offline support checked; live survey pending
M33.CrewCar	2472	3209	49.027	270	land	estimate	Offline support checked; live survey pending
M33.Ramos	2575	3270	50.733	180	land	estimate	Offline support checked; live survey pending
M33.Observe	2530	3225	50.703	0	land	estimate	Offline support checked; live survey pending
M33.Pickup	2571.75	3262	50.969	90	land	estimate	Offline support checked; live survey pending
M33.Guard1	2568	3254	51.706	0	land	estimate	Offline support checked; live survey pending
M33.Guard2	2582	3257	51.678	0	land	estimate	Offline support checked; live survey pending
M33.Guard3	2585	3275	51.431	0	land	estimate	Offline support checked; live survey pending
M33.Guard4	2564	3280	50.735	0	land	estimate	Offline support checked; live survey pending
M33.Response	2621.25	3268.75	54.331	90	land	estimate	Offline support checked; live survey pending
M33.Transfer	2137.25	1883.5	93.41	270	land	estimate	Offline support checked; live survey pending
M33.Halftrack	2137.25	1898.5	93.719	0	land	estimate	Offline support checked; live survey pending
M34.Start	2137.25	1898.5	93.719	0	land	estimate	Offline support checked; live survey pending
M34.IceStart	2137.25	1898.5	93.719	0	land	estimate	Offline support checked; live survey pending
M34.GohanStart	2137.25	1883.5	93.41	0	land	estimate	Offline support checked; live survey pending
M34.GuessStart	2137.25	1898.5	93.719	0	land	estimate	Offline support checked; live survey pending
M34.Halftrack	2137.25	1898.5	93.719	0	land	estimate	Offline support checked; live survey pending
M34.Ramos	2140	1898.5	94.035	0	land	estimate	Offline support checked; live survey pending
M34.CrewCar	2137.25	1883.5	93.41	0	land	estimate	Offline support checked; live survey pending
M34.Route1	2163.75	1982.75	93.111	0	land	estimate	Offline support checked; live survey pending
M34.Route2	2168.75	2120.75	124.488	0	land	estimate	Offline support checked; live survey pending
M34.Route3	2148.5	2253.5	106.515	0	land	estimate	Offline support checked; live survey pending
M34.Exit	2152.5	2355.25	107.756	0	land	estimate	Offline support checked; live survey pending
M34.Response1	2031.5	1841.5	94.556	270	land	estimate	Offline support checked; live survey pending
M34.Response2	2013.5	2111	92.625	270	land	estimate	Offline support checked; live survey pending
M34.BarrierRoad1	2163.75	1982.75	93.111	90	land	estimate	Offline support checked; live survey pending
M34.BarrierPark1	2169.75	1982.75	93.237	0	land	estimate	Offline support checked; live survey pending
M34.BarrierRoad2	2148.5	2253.5	106.515	90	land	estimate	Offline support checked; live survey pending
M34.BarrierPark2	2154.5	2253.5	106.29	0	land	estimate	Offline support checked; live survey pending
M34.Senora.Shelter	858	2968	45.403	0	land	estimate	Grand Senora Desert bunker - installed Enhanced collision checked; live survey pending
M34.Senora.MedicalKit	866	2980	44.901	0	land	estimate	Grand Senora Desert bunker - installed Enhanced collision checked; live survey pending
M34.Senora.MedicalWork	864	2980	44.675	0	land	estimate	Grand Senora Desert bunker - installed Enhanced collision checked; live survey pending
M35.Start	2942	4356.25	50.862	0	land	estimate	Offline support checked; live survey pending
M35.IceStart	2942	4356.25	50.862	0	land	estimate	Offline support checked; live survey pending
M35.GohanStart	2942	4390	49.649	0	land	estimate	Offline support checked; live survey pending
M35.GuessStart	2933.75	4456.5	46.528	0	land	estimate	Offline support checked; live survey pending
M35.CrewCar	2933.75	4456.5	46.528	0	land	estimate	Offline support checked; live survey pending
M35.Table	2942	4390	49.649	0	land	estimate	Offline support checked; live survey pending
M35.DeviceWork	2940	4390	49.437	0	land	estimate	Offline support checked; live survey pending
M35.Charge1	2974	4494	46.157	0	land	estimate	Offline support checked; live survey pending
M35.Charge2	2975	4500	46.5	0	land	estimate	Offline support checked; live survey pending
M35.ChargeWork1	2970	4494	46.032	0	land	estimate	Offline support checked; live survey pending
M35.ChargeWork2	2971	4500	46.341	0	land	estimate	Offline support checked; live survey pending
M35.BlockExit	2977	4452	46.4	180	land	estimate	South end of the kill zone; live survey pending
M35.LeadSpawn	2976.25	4636.5	51.908	180	land	estimate	Offline support checked; live survey pending
M35.TechnicalSpawn	2974.5	4710	48.749	180	land	estimate	Offline support checked; live survey pending
M35.TechnicalHold	2982.5	4564.75	51.159	180	land	estimate	Offline support checked; live survey pending
M35.Trap	2975	4494	46.187	0	land	estimate	Offline support checked; live survey pending
M35.Senora.Delivery	858	2968	45.403	0	land	estimate	Grand Senora Desert bunker - installed Enhanced collision checked; live survey pending
M35.IceCover	2956	4470	46.0	70	land	estimate	Cover with a line on the trap; live survey pending
M36.Start	-1600	5240	3.069	0	land	estimate	Offline collision/water checked; live survey pending
M36.IceStart	-1600	5240	3.069	0	land	estimate	Offline collision/water checked; live survey pending
M36.GohanStart	-1600	5235	3.059	0	land	estimate	Offline collision/water checked; live survey pending
M36.GuessStart	-1590	5210	3.065	0	land	estimate	Offline collision/water checked; live survey pending
M39.Start	-1600	5240	3.069	0	land	estimate	Offline collision/water checked; live survey pending
M39.IceStart	-1600	5240	3.069	0	land	estimate	Offline collision/water checked; live survey pending
M39.GohanStart	-1600	5235	3.059	0	land	estimate	Offline collision/water checked; live survey pending
M39.GuessStart	-1590	5210	3.065	0	land	estimate	Offline collision/water checked; live survey pending
M40.Start	-1600	5240	3.069	0	land	estimate	Offline collision/water checked; live survey pending
M40.IceStart	-1600	5240	3.069	0	land	estimate	Offline collision/water checked; live survey pending
M40.GohanStart	-1600	5235	3.059	0	land	estimate	Offline collision/water checked; live survey pending
M40.GuessStart	-1590	5210	3.065	0	land	estimate	Offline collision/water checked; live survey pending
M36.Sub	-1680	5240	0	0	water	estimate	Offline collision/water checked; live survey pending
M36.Boat	-1640	5240	0	0	water	estimate	Offline collision/water checked; live survey pending
M36.Survey1	-1680	5280	-8.849	0	water	estimate	Offline collision/water checked; live survey pending
M36.Survey2	-1720	5280	-12.272	0	water	estimate	Offline collision/water checked; live survey pending
M36.Survey3	-1800	5360	-12.589	0	water	estimate	Offline collision/water checked; live survey pending
M36.Scan1	-1680	5280	-4.4	0	water	estimate	Offline collision/water checked; live survey pending
M36.Scan2	-1720	5280	-7.8	0	water	estimate	Offline collision/water checked; live survey pending
M36.Scan3	-1800	5360	-8.1	0	water	estimate	Offline collision/water checked; live survey pending
M36.Patrol	-1720	5400	0	0	water	estimate	Offline collision/water checked; live survey pending
M36.PatrolGoal	-1640	5240	0	0	water	estimate	Offline collision/water checked; live survey pending
M36.AlternatePickup	-1680	5160	0	0	water	estimate	Offline collision/water checked; live survey pending
M37.Start	2065	4750	40.638	0	land	estimate	Offline collision/water checked; live survey pending
M37.GuessStart	2065	4750	40.638	0	land	estimate	Offline collision/water checked; live survey pending
M37.IceStart	2000	4780	40.762	0	land	estimate	Offline collision/water checked; live survey pending
M37.GohanStart	1740	3260	40.392	0	land	estimate	Offline collision/water checked; live survey pending
M37.Duster1	2060	4770	40.448	110	land	estimate	Offline collision/water checked; live survey pending
M37.Duster2	2030	4760	40.14	110	land	estimate	Offline collision/water checked; live survey pending
M37.Land1	1710	3250	40.116	105	land	estimate	Offline collision/water checked; live survey pending
M37.Land2	1730	3270	40.211	105	land	estimate	Offline collision/water checked; live survey pending
M37.Observe	2008	4760	40.209	0	land	estimate	Offline collision/water checked; live survey pending
M37.Guard1	2020	4750	40.363	0	land	estimate	Offline collision/water checked; live survey pending
M37.Guard2	2035	4745	40.415	0	land	estimate	Offline collision/water checked; live survey pending
M37.Guard3	2048	4758	40.298	0	land	estimate	Offline collision/water checked; live survey pending
M38.Start	2970	2760	41.972	0	land	estimate	Offline collision/water checked; live survey pending
M38.IceStart	2970	2760	41.972	0	land	estimate	Offline collision/water checked; live survey pending
M38.GohanStart	2965	2770	38.555	0	land	estimate	Offline collision/water checked; live survey pending
M38.GuessStart	2947	2747	42.488	0	land	estimate	Offline collision/water checked; live survey pending
M38.Hauler	2947	2747	42.488	0	land	estimate	Offline collision/water checked; live survey pending
M38.Load	2940	2790	39.253	0	land	estimate	Offline collision/water checked; live survey pending
M38.Cabinet	2954	2782	39.791	0	land	estimate	Offline collision/water checked; live survey pending
M38.CabinetWork	2954	2780	39.405	0	land	estimate	Offline collision/water checked; live survey pending
M38.Guard1	2942	2795	39.653	0	land	estimate	Offline collision/water checked; live survey pending
M38.Guard2	2935	2785	38.638	0	land	estimate	Offline collision/water checked; live survey pending
M38.Guard3	2950	2790	40.211	0	land	estimate	Offline collision/water checked; live survey pending
M38.Guard4	2955	2770	37.972	0	land	estimate	Offline collision/water checked; live survey pending
M38.Response	2905	2817	53.048	90	land	estimate	Offline collision/water checked; live survey pending
M38.Exit	2700	2770	38.042	0	land	estimate	Offline collision/water checked; live survey pending
M38.Senora.Delivery	858	2968	45.403	0	land	estimate	Grand Senora Desert bunker - installed Enhanced collision checked; live survey pending
M38.Crate1	2952.0	2778	38.684	0	land	estimate	Offline collision/water checked; live survey pending
M38.Crate2	2953.2	2778	38.857	0	land	estimate	Offline collision/water checked; live survey pending
M38.Crate3	2954.4	2778	39.098	0	land	estimate	Offline collision/water checked; live survey pending
M38.Crate4	2955.6	2778	39.296	0	land	estimate	Offline collision/water checked; live survey pending
M39.Sub	-1680	5240	0	0	water	estimate	Offline collision/water checked; live survey pending
M39.Boat	-1640	5240	0	0	water	estimate	Offline collision/water checked; live survey pending
M39.Route1	-1720	5280	-6	0	water	estimate	Offline collision/water checked; live survey pending
M39.Route2	-1800	5360	-6	0	water	estimate	Offline collision/water checked; live survey pending
M39.Junction	-1850	5520	-11.312	0	water	estimate	Offline collision/water checked; live survey pending
M39.CutterWork	-1850	5520	-6.8	0	water	estimate	Offline collision/water checked; live survey pending
M39.Return	-1680	5240	0	0	water	estimate	Offline collision/water checked; live survey pending
M39.Guard1	-1595	5220	3.048	0	land	estimate	Offline collision/water checked; live survey pending
M39.Guard2	-1590	5210	3.065	0	land	estimate	Offline collision/water checked; live survey pending
M39.Guard3	-1595	5210	3.401	0	land	estimate	Offline collision/water checked; live survey pending
M39.Guard4	-1590	5210	3.065	0	land	estimate	Offline collision/water checked; live survey pending
M40.Kit1	-1603	5238	3.059	0	land	estimate	Offline collision/water checked; live survey pending
M40.Kit2	-1595	5220	3.048	0	land	estimate	Offline collision/water checked; live survey pending
M40.Nav	-1600	5230	3.167	0	land	estimate	Offline collision/water checked; live survey pending
M40.NavWork	-1600	5232	3.059	0	land	estimate	Offline collision/water checked; live survey pending
M40.Boat1	-1611	5269	0	0	water	estimate	Alongside verified dock moorings; live survey pending
M40.Boat2	-1621	5266	0	0	water	estimate	Alongside verified dock moorings; live survey pending
M40.Target1	-1660	5240	0	0	water	estimate	Offline collision/water checked; live survey pending
M40.Target2	-1660	5280	0	0	water	estimate	Offline collision/water checked; live survey pending
M40.Trial1	-1740	5190	0	0	water	estimate	Offline collision/water checked; live survey pending
M40.Trial2	-1740	5260	0	0	water	estimate	Offline collision/water checked; live survey pending
M40.Return1	-1611	5269	0	0	water	estimate	Alongside verified dock moorings; live survey pending
M40.Return2	-1621	5266	0	0	water	estimate	Alongside verified dock moorings; live survey pending
M41.Start	-740	5740	18.308	0	land	estimate	Offline map checked; live survey pending
M41.IceStart	-740	5740	18.308	0	land	estimate	Offline map checked; live survey pending
M41.Observe	-740	5800	16.68	0	land	estimate	Offline map checked; live survey pending
M41.Bradley	-680	5780	16.331	0	land	estimate	Offline map checked; live survey pending
M41.Worker	-680	5785	16.331	0	land	estimate	Offline map checked; live survey pending
M41.Meeting	-680	5800	16.331	0	land	estimate	Offline map checked; live survey pending
M41.GuessStart	-740	5760	17.61	0	land	estimate	Offline map checked; live survey pending
M41.GohanStart	-740	5760	17.61	0	land	estimate	Offline map checked; live survey pending
M41.Pickup	-735.25	5755.75	17.719	40	land	estimate	Offline map checked; live survey pending
M41.EscapeCar	-687	5865.5	15.813	0	land	estimate	Offline map checked; live survey pending
M41.EscapeEnd	-426	6043	30.361	0	land	estimate	Offline map checked; live survey pending
M41.Exit	-426	6043	30.361	0	land	estimate	Offline map checked; live survey pending
M41.Guard1	-660	5820	16.331	0	land	estimate	Offline map checked; live survey pending
M41.Guard2	-700	5780	16.33	0	land	estimate	Offline map checked; live survey pending
M42.Start	-1600	5240	3.069	0	land	estimate	Offline map checked; live survey pending
M42.GohanStart	-1600	5240	3.069	0	land	estimate	Offline map checked; live survey pending
M42.IceStart	-1590	5210	3.065	0	land	estimate	Offline map checked; live survey pending
M42.GuessStart	-1595	5220	3.048	0	land	estimate	Offline map checked; live survey pending
M43.Start	-1600	5240	3.069	0	land	estimate	Offline map checked; live survey pending
M43.GohanStart	-1600	5240	3.069	0	land	estimate	Offline map checked; live survey pending
M43.IceStart	-1590	5210	3.065	0	land	estimate	Offline map checked; live survey pending
M43.GuessStart	-1595	5220	3.048	0	land	estimate	Offline map checked; live survey pending
M42.Titan	-3500	4600	260	312	air	estimate	Offline map checked; live survey pending
M42.Drop	-2400	5600	0	0	water	estimate	Offline map checked; live survey pending
M42.Delivery	-1680	5240	0	0	water	estimate	Offline map checked; live survey pending
M42.Hold	-3200	5650	280	0	air	estimate	Offline map checked; live survey pending
M43.Sub	-1680	5240	0	0	water	estimate	Offline map checked; live survey pending
M43.SubReady	-1850	5520	0	0	water	estimate	Offline map checked; live survey pending
M43.Boat	-1640	5280	0	0	water	estimate	Offline map checked; live survey pending
M43.BoatReady	-1740	5390	0	0	water	estimate	Offline map checked; live survey pending
M43.Helicopter	1710	3250	40.116	105	land	estimate	Offline map checked; live survey pending
M43.Land	-210	6530	10.098	0	land	estimate	Offline map checked; live survey pending
M43.ShoreCar	-220	6550	9.578	180	land	estimate	Offline map checked; live survey pending
M43.Board	-200	6560	10.025	0	land	estimate	Offline map checked; live survey pending
M43.BoardWork	-203	6560	10.136	0	land	estimate	Offline map checked; live survey pending
SM01.Guard1	997.690	-3008.790	5.900	258.8	land	surveyed	Terminal Island; Ron's in-game placement, September 13, 2026 (the loading lane and the yard north of it)
SM01.Guard2	1001.850	-3004.960	5.900	164.2	land	surveyed	Terminal Island; Ron's in-game placement, September 13, 2026 (the loading lane and the yard north of it)
SM01.Guard3	1027.460	-3011.270	5.900	108	land	surveyed	Terminal Island; Ron's in-game placement, September 13, 2026 (the loading lane and the yard north of it)
SM01.Guard4	1022.500	-3007.850	5.900	108.4	land	surveyed	Terminal Island; Ron's in-game placement, September 13, 2026 (the loading lane and the yard north of it)
SM01.Guard5	1014.570	-3006.850	5.900	178.5	land	surveyed	Terminal Island; Ron's in-game placement, September 13, 2026 (the loading lane and the yard north of it)
SM01.Guard6	1008.090	-3006.200	5.900	162.4	land	surveyed	Terminal Island; Ron's in-game placement, September 13, 2026 (the loading lane and the yard north of it)
SM02.StairEntry	-1091.000	-263.500	37.620	0	land	estimate	Lifeinvader service-side doorway; near roof access XY, not arrival; live door alignment pending
SM02.Guard1	-1074.000	-250.000	57.922	90	land	estimate	Offline collision checked; live survey pending
SM02.Guard2	-1078.000	-246.000	57.922	0	land	estimate	Offline collision checked; live survey pending
M16.TankEntry1	-2285.000	3170.000	32.800	90	land	estimate	Road-resolved armor approach; vehicle clearance checked at runtime
M16.TankEntry2	-2180.000	3100.000	32.800	0	land	estimate	Road-resolved armor approach; vehicle clearance checked at runtime
M13.AlarmSpawn2	-960.000	-1660.000	0.000	315	water	estimate	La Puerta channel; water and seabed sampled; runtime full-hull clearance
SM03.RivalGrid1	561.741	-1704.342	29.013	51.66665989090137	land	estimate	Grid behind player on start street
SM03.RivalGrid2	567.232	-1708.683	29.013	51.66665989090137	land	estimate	Grid behind player on start street
SM03.Leg01	226.250	-1190.500	28.913	0	land	estimate	Strawberry / one gate of KJ's northbound sprint; the corridor is the shortest chain through the road-graph positions the old 278-gate route wandered over, and each gate is snapped to the nearest vehicle node at runtime, so the authored height is a seed rather than a lane
SM03.Leg02	477.750	-488.250	27.881	0	land	estimate	Vinewood / one gate of KJ's northbound sprint; the corridor is the shortest chain through the road-graph positions the old 278-gate route wandered over, and each gate is snapped to the nearest vehicle node at runtime, so the authored height is a seed rather than a lane
SM03.Leg03	711.500	-140.500	50.538	0	land	estimate	East Vinewood / one gate of KJ's northbound sprint; the corridor is the shortest chain through the road-graph positions the old 278-gate route wandered over, and each gate is snapped to the nearest vehicle node at runtime, so the authored height is a seed rather than a lane
SM03.Leg04	1065.250	345.250	83.006	0	land	estimate	Vinewood Hills / one gate of KJ's northbound sprint; the corridor is the shortest chain through the road-graph positions the old 278-gate route wandered over, and each gate is snapped to the nearest vehicle node at runtime, so the authored height is a seed rather than a lane
SM03.Leg05	1533.750	879.000	76.975	0	land	estimate	Vinewood Hills / one gate of KJ's northbound sprint; the corridor is the shortest chain through the road-graph positions the old 278-gate route wandered over, and each gate is snapped to the nearest vehicle node at runtime, so the authored height is a seed rather than a lane
SM03.Leg06	1707.750	1465.250	84.850	0	land	estimate	Grand Senora Desert / one gate of KJ's northbound sprint; the corridor is the shortest chain through the road-graph positions the old 278-gate route wandered over, and each gate is snapped to the nearest vehicle node at runtime, so the authored height is a seed rather than a lane
SM03.Leg07	1821.750	2035.500	74.881	0	land	estimate	Grand Senora Desert / one gate of KJ's northbound sprint; the corridor is the shortest chain through the road-graph positions the old 278-gate route wandered over, and each gate is snapped to the nearest vehicle node at runtime, so the authored height is a seed rather than a lane
SM03.Leg08	2105.250	2651.750	50.788	0	land	estimate	Grand Senora Desert / one gate of KJ's northbound sprint; the corridor is the shortest chain through the road-graph positions the old 278-gate route wandered over, and each gate is snapped to the nearest vehicle node at runtime, so the authored height is a seed rather than a lane
SM03.Leg09	2499.250	3023.000	41.819	0	land	estimate	Grand Senora Desert / one gate of KJ's northbound sprint; the corridor is the shortest chain through the road-graph positions the old 278-gate route wandered over, and each gate is snapped to the nearest vehicle node at runtime, so the authored height is a seed rather than a lane
SM03.Leg10	2891.750	3626.250	52.225	0	land	estimate	San Chianski Mountain Range / one gate of KJ's northbound sprint; the corridor is the shortest chain through the road-graph positions the old 278-gate route wandered over, and each gate is snapped to the nearest vehicle node at runtime, so the authored height is a seed rather than a lane
SM03.Leg11	2901.250	4125.000	50.069	0	land	estimate	San Chianski Mountain Range / one gate of KJ's northbound sprint; the corridor is the shortest chain through the road-graph positions the old 278-gate route wandered over, and each gate is snapped to the nearest vehicle node at runtime, so the authored height is a seed rather than a lane
SM03.Leg12	2714.250	4787.000	44.131	0	land	estimate	San Chianski Mountain Range / one gate of KJ's northbound sprint; the corridor is the shortest chain through the road-graph positions the old 278-gate route wandered over, and each gate is snapped to the nearest vehicle node at runtime, so the authored height is a seed rather than a lane
SM03.Leg13	2199.000	4840.750	44.444	0	land	estimate	Grapeseed / one gate of KJ's northbound sprint; the corridor is the shortest chain through the road-graph positions the old 278-gate route wandered over, and each gate is snapped to the nearest vehicle node at runtime, so the authored height is a seed rather than a lane
SM03.Leg14	1773.500	4571.000	37.381	0	land	estimate	Grapeseed / one gate of KJ's northbound sprint; the corridor is the shortest chain through the road-graph positions the old 278-gate route wandered over, and each gate is snapped to the nearest vehicle node at runtime, so the authored height is a seed rather than a lane
SM03.Leg15	1368.750	4497.750	55.475	0	land	estimate	Mount Chiliad / one gate of KJ's northbound sprint; the corridor is the shortest chain through the road-graph positions the old 278-gate route wandered over, and each gate is snapped to the nearest vehicle node at runtime, so the authored height is a seed rather than a lane
SM03.Leg16	824.500	4420.500	52.131	0	land	estimate	Mount Chiliad / one gate of KJ's northbound sprint; the corridor is the shortest chain through the road-graph positions the old 278-gate route wandered over, and each gate is snapped to the nearest vehicle node at runtime, so the authored height is a seed rather than a lane
SM03.Leg17	390.250	4415.000	62.163	0	land	estimate	Mount Chiliad / one gate of KJ's northbound sprint; the corridor is the shortest chain through the road-graph positions the old 278-gate route wandered over, and each gate is snapped to the nearest vehicle node at runtime, so the authored height is a seed rather than a lane
SM03.Leg18	-226.750	4706.250	134.069	0	land	estimate	Mount Chiliad / one gate of KJ's northbound sprint; the corridor is the shortest chain through the road-graph positions the old 278-gate route wandered over, and each gate is snapped to the nearest vehicle node at runtime, so the authored height is a seed rather than a lane
SM03.Leg19	-364.500	4934.500	197.006	0	land	estimate	Chiliad Mountain State Wilderness / one gate of KJ's northbound sprint; the corridor is the shortest chain through the road-graph positions the old 278-gate route wandered over, and each gate is snapped to the nearest vehicle node at runtime, so the authored height is a seed rather than a lane
SM03.Trail01	-323.750	4988.000	231.131	0	land	estimate	Chiliad Mountain State Wilderness / one gate of the Chiliad climb; trail geometry off the road graph and deliberately NOT snapped to a vehicle node, because the nearest node to a mountain trail is the road at the bottom of it
SM03.Trail02	-266.000	4935.500	278.881	0	land	estimate	Mount Chiliad / one gate of the Chiliad climb; trail geometry off the road graph and deliberately NOT snapped to a vehicle node, because the nearest node to a mountain trail is the road at the bottom of it
SM03.Trail03	-199.750	4899.500	323.881	0	land	estimate	Mount Chiliad / one gate of the Chiliad climb; trail geometry off the road graph and deliberately NOT snapped to a vehicle node, because the nearest node to a mountain trail is the road at the bottom of it
SM03.Trail04	-120.750	4923.500	363.069	0	land	estimate	Mount Chiliad / one gate of the Chiliad climb; trail geometry off the road graph and deliberately NOT snapped to a vehicle node, because the nearest node to a mountain trail is the road at the bottom of it
SM03.Trail05	-59.500	4972.250	396.913	0	land	estimate	Mount Chiliad / one gate of the Chiliad climb; trail geometry off the road graph and deliberately NOT snapped to a vehicle node, because the nearest node to a mountain trail is the road at the bottom of it
SM03.Trail06	-5.250	5012.250	439.725	0	land	estimate	Mount Chiliad / one gate of the Chiliad climb; trail geometry off the road graph and deliberately NOT snapped to a vehicle node, because the nearest node to a mountain trail is the road at the bottom of it
SM03.Trail07	51.500	5041.250	460.131	0	land	estimate	Mount Chiliad / one gate of the Chiliad climb; trail geometry off the road graph and deliberately NOT snapped to a vehicle node, because the nearest node to a mountain trail is the road at the bottom of it
SM03.Trail08	98.750	5086.000	502.069	0	land	estimate	Mount Chiliad / one gate of the Chiliad climb; trail geometry off the road graph and deliberately NOT snapped to a vehicle node, because the nearest node to a mountain trail is the road at the bottom of it
SM03.Trail09	118.750	5170.500	527.569	0	land	estimate	Mount Chiliad / one gate of the Chiliad climb; trail geometry off the road graph and deliberately NOT snapped to a vehicle node, because the nearest node to a mountain trail is the road at the bottom of it
SM03.Trail10	189.500	5231.750	582.850	0	land	estimate	Mount Chiliad / one gate of the Chiliad climb; trail geometry off the road graph and deliberately NOT snapped to a vehicle node, because the nearest node to a mountain trail is the road at the bottom of it
SM03.Trail11	226.250	5283.750	616.506	0	land	estimate	Mount Chiliad / one gate of the Chiliad climb; trail geometry off the road graph and deliberately NOT snapped to a vehicle node, because the nearest node to a mountain trail is the road at the bottom of it
SM03.Trail12	280.500	5351.000	632.225	0	land	estimate	Mount Chiliad / one gate of the Chiliad climb; trail geometry off the road graph and deliberately NOT snapped to a vehicle node, because the nearest node to a mountain trail is the road at the bottom of it
SM03.Trail13	326.750	5423.250	661.475	0	land	estimate	Mount Chiliad / one gate of the Chiliad climb; trail geometry off the road graph and deliberately NOT snapped to a vehicle node, because the nearest node to a mountain trail is the road at the bottom of it
SM03.Trail14	373.250	5487.750	707.944	0	land	estimate	Mount Chiliad / one gate of the Chiliad climb; trail geometry off the road graph and deliberately NOT snapped to a vehicle node, because the nearest node to a mountain trail is the road at the bottom of it
SM03.Trail15	445.500	5511.000	752.725	0	land	estimate	Mount Chiliad / one gate of the Chiliad climb; trail geometry off the road graph and deliberately NOT snapped to a vehicle node, because the nearest node to a mountain trail is the road at the bottom of it
SM03.Summit	506.750	5565.500	781.438	0	land	estimate	Chiliad summit trail finish; connected vehicle-node graph
M23.ArrivalCar	846	2956	46.619	0	land	estimate	Grand Senora Desert bunker - installed Enhanced collision checked; live survey pending
M23.Guard01	838	2982	44.408	180	land	estimate	Grand Senora Desert bunker - installed Enhanced collision checked; live survey pending
M23.Guard02	853	3005	41.474	180	land	estimate	Grand Senora Desert bunker - installed Enhanced collision checked; live survey pending
M23.Guard03	865	3008	41.512	180	land	estimate	Grand Senora Desert bunker - installed Enhanced collision checked; live survey pending
M23.Guard04	878	2983	42.05	180	land	estimate	Grand Senora Desert bunker - installed Enhanced collision checked; live survey pending
M23.Guard05	866	2964	44.202	180	land	estimate	Grand Senora Desert bunker - installed Enhanced collision checked; live survey pending
M23.Guard06	835	2960	47.091	180	land	estimate	Grand Senora Desert bunker - installed Enhanced collision checked; live survey pending
M23.Guard07	836	3010	42.802	180	land	estimate	Grand Senora Desert bunker - installed Enhanced collision checked; live survey pending
M23.Guard08	870	3017	40.915	180	land	estimate	Grand Senora Desert bunker - installed Enhanced collision checked; live survey pending
M23.Guard09	860	2954	45.714	180	land	estimate	Grand Senora Desert bunker - installed Enhanced collision checked; live survey pending
Bunker.Senora.Interior	892.6384	-3245.8664	-98.265	270	interior	estimate	Gunrunning bunker interior - gr_grdlc_int_02 collision floor verified
Bunker.Senora.Room.Door	892.6384	-3245.8664	-98.265	270	interior	estimate	Gunrunning bunker interior - gr_grdlc_int_02 collision floor verified
Bunker.Senora.Room.Inspect	892.6384	-3245.8664	-98.265	270	interior	estimate	Bunker entry room; shares the successfully loaded arrival floor so inspection does not require crossing interior partitions
M23.GuessStart	841	2964	44.846	0	land	estimate	Grand Senora bunker approach; collision checked, beside the arrival car
M23.RoadStart	868	3091.75	39.699	180	land	estimate	Senora north access road; CodeWalker verified vehicle node and collision floor
SM01.Car	1025.530	-3051.490	5.900	174.3	land	surveyed	Terminal Island; Ron's in-game placement, September 13, 2026 (the loading lane and the yard north of it)
SM01.Case1	1037.410	-3051.640	5.900	0	land	surveyed	Terminal Island; Ron's in-game placement, September 13, 2026 (the loading lane and the yard north of it)
SM01.Case1Access	1037.410	-3049.640	5.900	180.3	land	surveyed	Terminal Island; Ron's in-game placement, September 13, 2026 (the loading lane and the yard north of it)
SM01.Case2	1040.410	-3051.640	5.900	0	land	surveyed	Terminal Island; Ron's in-game placement, September 13, 2026 (the loading lane and the yard north of it)
SM01.Case2Access	1040.410	-3049.640	5.900	180.3	land	surveyed	Terminal Island; Ron's in-game placement, September 13, 2026 (the loading lane and the yard north of it)
SM02.Approach	-1110.000	-275.000	37.620	320	land	estimate	Lifeinvader sidewalk run-up; separate from service door; bounded same-floor placement
M25.NorthTunnel	-527.000	4515.000	89.034	172	land	estimate	Raton north rail/tunnel approach; existing inspected deck anchor; runtime same-level only
M25.SouthTunnel	-504.000	4340.000	89.042	352	land	estimate	Raton south rail/tunnel approach derived from tanker deck; live route acceptance pending
M25.BoatEscape	-245.000	4440.000	30.000	90	water	estimate	Cassidy Creek / Raton river-mouth departure; require actual 100 meter separation after boarding
M26.RunwayStart	2030.000	4760.000	40.140	110	land	estimate	McKenzie runway layout from M37 inspected neighborhood; full model/lane checked at runtime; new offsets live pending
M26.SparePlane	2060.000	4770.000	40.448	110	land	estimate	McKenzie runway layout from M37 inspected neighborhood; full model/lane checked at runtime; new offsets live pending
M26.CrewStart	2035.000	4747.000	40.200	0	land	estimate	McKenzie runway layout from M37 inspected neighborhood; full model/lane checked at runtime; new offsets live pending
M26.CrewCar	2000.000	4780.000	40.762	110	land	estimate	McKenzie runway layout from M37 inspected neighborhood; full model/lane checked at runtime; new offsets live pending
M26.IcePost	2006.000	4786.000	40.762	110	land	estimate	McKenzie runway layout from M37 inspected neighborhood; full model/lane checked at runtime; new offsets live pending
M26.GohanPost	1995.000	4778.000	40.762	0	land	estimate	McKenzie runway layout from M37 inspected neighborhood; full model/lane checked at runtime; new offsets live pending
M27.RunwayStart	2030.000	4760.000	40.140	110	land	estimate	McKenzie runway layout from M37 inspected neighborhood; full model/lane checked at runtime; new offsets live pending
M27.ParkedLazer	2065.000	4750.000	40.638	110	land	estimate	McKenzie runway layout from M37 inspected neighborhood; full model/lane checked at runtime; new offsets live pending
M27.CrewStart	2035.000	4747.000	40.200	0	land	estimate	McKenzie runway layout from M37 inspected neighborhood; full model/lane checked at runtime; new offsets live pending
M27.IcePost	2038.000	4748.000	40.200	0	land	estimate	McKenzie runway layout from M37 inspected neighborhood; full model/lane checked at runtime; new offsets live pending
M44.Start	-1604	5246	3.069	0	land	estimate	Derived from verified hull extents; live survey pending
M44.Sub	-1850	5520	0	120	water	estimate	Derived from verified hull extents; live survey pending
M44.Clamp1	-1795	5317	0	0	water	estimate	Derived from verified hull extents; live survey pending
M44.Clamp2	-1760	5332	0	0	water	estimate	Derived from verified hull extents; live survey pending
M44.Clamp3	-1722	5342	0	0	water	estimate	Derived from verified hull extents; live survey pending
M44.Sensor	-1712	5334	0	0	water	estimate	Derived from verified hull extents; live survey pending
M44.Surface	-1772	5306	0	0	water	estimate	Derived from verified hull extents; live survey pending
M45.Approach	-1900	5250	60	45	air	estimate	Derived from verified hull extents; live survey pending
M45.Hold	-1748	5300	40	0	air	estimate	Derived from verified hull extents; live survey pending
M45.Helipad	-1793	5331	15.5	90	land	estimate	Derived from verified hull extents; live survey pending
M45.Deck	-1734	5325	15.5	270	land	estimate	Derived from verified hull extents; live survey pending
M45.Stern	-1694	5326	0	200	water	estimate	Derived from verified hull extents; live survey pending
M45.Board	-1697	5328	1.2	200	land	estimate	Derived from verified hull extents; live survey pending
M46.Stairs	-1750	5332	4.89	0	land	estimate	Derived from verified hull extents; live survey pending
M46.Bridge	-1758	5334	9	0	land	estimate	Derived from verified hull extents; live survey pending
M46.Vault	-1770	5334	4.89	0	land	estimate	Derived from verified hull extents; live survey pending
M46.Ledger	-1772	5335	4.89	0	land	estimate	Derived from verified hull extents; live survey pending
M46.Bonds	-1769	5336	4.89	0	land	estimate	Derived from verified hull extents; live survey pending
M46.Console	-1760	5335	9	0	land	estimate	Derived from verified hull extents; live survey pending
M47.Landing	-1610	5232	3	90	land	estimate	Derived from verified hull extents; live survey pending
M47.BoatStart	-1740	5390	0	180	water	estimate	Derived from verified hull extents; live survey pending
M47.Trigger	-1702	5324	12	200	land	estimate	Derived from verified hull extents; live survey pending
M47.Clear	-1620	5210	0	180	water	estimate	Derived from verified hull extents; live survey pending
M48.Shore	-1606	5244	2	120	water	estimate	Derived from verified hull extents; live survey pending
M48.Technical	-1596	5228	3.05	150	land	estimate	Derived from verified hull extents; live survey pending
M48.Cordon	-1560	5160	17.5	160	land	estimate	Derived from verified hull extents; live survey pending
M48.South	-1480	5040	44	150	land	estimate	Derived from verified hull extents; live survey pending
M47.Jump	-1700	5322	12	200	land	estimate	Derived from verified hull extents; live survey pending

M35.Response	2976	4628	51.6	180	land	estimate	Pursuit follows the convoy road; live survey pending
M51.Start	2700.000	1395.000	23.700	0	land	estimate	Palmer-Taylor Power Station / inside the transformer yard; archives show open ground at yard level, live survey pending (17 m clear)
M51.IceStart	2694.000	1414.000	23.700	0	land	estimate	Palmer-Taylor Power Station / inside the transformer yard; archives show open ground at yard level, live survey pending (12 m clear)
M51.GohanStart	2692.000	1419.000	23.700	0	land	estimate	Palmer-Taylor Power Station / inside the transformer yard; archives show open ground at yard level, live survey pending (14 m clear)
M51.GuessStart	2688.000	1424.000	23.600	0	land	estimate	Palmer-Taylor Power Station / inside the transformer yard; archives show open ground at yard level, live survey pending (12 m clear)
M51.Crew	2748.000	1395.000	23.700	200	land	estimate	Palmer-Taylor Power Station / inside the transformer yard; archives show open ground at yard level, live survey pending (21 m clear, the widest spot on site)
M51.Charge1	2653.610	1459.840	23.460	90	land	estimate	Palmer-Taylor Power Station / a real plant unit in the west bank, its own placed height from the archives; the bible's six 500kV transformers are not props on this site, these six are
M51.Charge2	2664.500	1477.890	23.650	90	land	estimate	Palmer-Taylor Power Station / a real plant unit in the west bank, its own placed height from the archives; the bible's six 500kV transformers are not props on this site, these six are
M51.Charge3	2664.790	1495.600	23.690	90	land	estimate	Palmer-Taylor Power Station / a real plant unit in the west bank, its own placed height from the archives; the bible's six 500kV transformers are not props on this site, these six are
M51.Charge4	2777.720	1433.200	23.480	270	land	estimate	Palmer-Taylor Power Station / a real plant unit in the east bank, its own placed height from the archives; the bible's six 500kV transformers are not props on this site, these six are
M51.Charge5	2779.180	1438.650	23.480	270	land	estimate	Palmer-Taylor Power Station / a real plant unit in the east bank, its own placed height from the archives; the bible's six 500kV transformers are not props on this site, these six are
M51.Charge6	2780.640	1444.090	23.500	270	land	estimate	Palmer-Taylor Power Station / a real plant unit in the east bank, its own placed height from the archives; the bible's six 500kV transformers are not props on this site, these six are
M51.Control	2750.080	1465.180	23.480	0	land	estimate	Palmer-Taylor Power Station / placed plant machinery between the two banks, its own archive height; the failover interlocks
M51.Guard1	2668.000	1395.000	23.600	0	land	estimate	Palmer-Taylor Power Station / inside the transformer yard; archives show open ground at yard level, live survey pending (15 m clear)
M51.Guard2	2776.000	1420.000	23.500	180	land	estimate	Palmer-Taylor Power Station / inside the transformer yard by the east bank, 42 m from the surveyed crew car; the old post stood 11 m from it, so walking back to the car started a firefight (Ron, September 22); archives show open ground at yard level beside a placed skip at 23.41, live survey pending
M51.Guard3	2756.000	1443.000	23.600	180	land	estimate	Palmer-Taylor Power Station / inside the transformer yard; archives show open ground at yard level, live survey pending (14 m clear)
M51.Exit	2620.000	1320.000	25.500	200	land	estimate	Palmer-Taylor Power Station / open ground south of the yard by the placed cabinet at 25.11; 31 m clear, live survey pending
M52.Start	-644.000	-269.000	38.000	45	land	estimate	Rockford Hills / the service street west of the City Hall plaza, below the roof the mission ladder serves; archives show 23 m clear, live survey pending
M52.IceStart	-650.000	-269.000	38.000	45	land	estimate	Rockford Hills / the service street west of the City Hall plaza, below the roof the mission ladder serves; archives show 25 m clear, live survey pending
M52.GuessStart	-650.000	-263.000	38.000	45	land	estimate	Rockford Hills / the service street west of the City Hall plaza, below the roof the mission ladder serves; archives show 23 m clear, live survey pending
M52.GohanStart	-650.000	-275.000	38.000	45	land	estimate	Rockford Hills / the service street west of the City Hall plaza, below the roof the mission ladder serves; archives show 28 m clear, live survey pending
M52.Bike	-644.000	-275.000	38.000	200	land	estimate	Rockford Hills / the service street west of the City Hall plaza, below the roof the mission ladder serves; archives show 23 m clear, the superbike waits here, live survey pending
M52.Scaffold	-601.500	-295.500	35.300	320	land	estimate	Rockford Hills / the sidewalk at the foot of bh1_16_scaff, the scaffold on the south corner of the roost's block; archives show working platforms on it at 40.7 to 49.3 and the roof at about 50.3, which is the only way up to the service ladder they show; nobody has climbed it, live survey pending
M52.Roost	-615.900	-240.800	53.300	60	land	estimate	Rockford Hills / the top of bh1_16_ladder_mission_fizz, the ladder Rockstar placed for a mission; the standing height is probed down onto the roof slab at runtime because a prop origin is not a floor
M52.Harrison	-537.000	-186.000	38.000	200	land	estimate	Burton / City Hall plaza at its own level; archives show 13 m clear, 12 m from the hall; where he comes out, live survey pending
M52.Walk	-521.000	-226.000	38.000	200	land	estimate	Burton / City Hall plaza at its own level; archives show 13 m clear, 55 m from the roost; where he is clear of his detail, live survey pending
M52.Guard1	-537.000	-194.000	38.000	200	land	estimate	Burton / City Hall plaza at its own level; archives show 13 m clear, live survey pending
M52.Guard2	-537.000	-234.000	38.000	200	land	estimate	Burton / City Hall plaza at its own level; archives show 12 m clear, live survey pending
M52.Guard3	-561.000	-242.000	38.000	200	land	estimate	Rockford Hills / City Hall plaza at its own level; archives show 12 m clear, live survey pending
M50.Start	-916.000	352.000	74.500	120	land	estimate	Rockford Hills / the residential street above the conduit run; archives show 17 m clear
M50.IceStart	-916.000	358.000	74.500	120	land	estimate	Rockford Hills / the residential street above the conduit run; archives show 15 m clear
M50.GohanStart	-922.000	352.000	74.500	120	land	estimate	Rockford Hills / the residential street above the conduit run; archives show 14 m clear
M50.GuessStart	-910.000	346.000	74.500	120	land	estimate	Rockford Hills / the residential street above the conduit run; archives show 16 m clear
M50.Van	-910.000	352.000	74.500	120	land	estimate	Rockford Hills / where the surveillance van waits; archives show 14 m clear
M50.Conduit	-898.120	334.870	74.610	30	land	estimate	Rockford Hills / the street cabinet Gohan splices, a placed prop_elecbox_11 at its own archive height; 88 things within 40 m, so this is a built-up street rather than open ground
M50.Guard1	-905.000	300.000	70.500	20	land	estimate	Rockford Hills / private security post down the street south of the cabinet, 35 m from it and 46 m from the nearest crew start; the old post stood 4 m from the crew and the van, so the brothers opened fire on a watchman at spawn (Ron, September 22); archives put the sidewalk here at 70.4 by a placed prop_elecbox_16
M50.Guard2	-901.000	319.000	74.500	0	land	estimate	Rockford Hills / private security post, 16 m from the cabinet; archives show 12 m clear
M50.Guard3	-859.000	331.000	74.500	270	land	estimate	Rockford Hills / private security post, 39 m from the cabinet; archives show 13 m clear
M50.Exit	-1075.000	290.000	63.000	200	land	estimate	Rockford Hills / clear of the block, beside a placed cabinet at 62.9 so the height is grounded; live survey pending
M49.Checkpoint	-3020.000	1300.000	20.000	20	land	estimate	Chumash / the Great Ocean Highway seed for the checkpoint; the lane itself is resolved from a road node at runtime, because roads are baked terrain and no placed-entity survey can find one
M49.Start	-3060.000	1180.000	22.000	20	land	estimate	Chumash / the shoulder south of the checkpoint, clear of the village; live survey pending
M49.IceStart	-3066.000	1174.000	22.000	20	land	estimate	Chumash / the shoulder south of the checkpoint; live survey pending
M49.GohanStart	-3054.000	1174.000	22.000	20	land	estimate	BanhamCa / the shoulder south of the checkpoint; live survey pending
M49.GuessStart	-3060.000	1168.000	22.000	20	land	estimate	Chumash / the shoulder south of the checkpoint; live survey pending
M49.Crew	-3048.000	1168.000	22.000	20	land	estimate	BanhamCa / where the turbine Granger waits; live survey pending
M49.South	-2860.000	1620.000	30.000	30	land	estimate	Tongva Hills / past the county line, north up the coast road; live survey pending
M57.Start	-1520.000	-1400.000	2.500	270	land	estimate	Pacific Ocean / the Vespucci sand; the beach clutter in the archives runs x -1587..-1361 at z 0.7..3.3, so this is sand rather than surf
M57.IceStart	-1526.000	-1406.000	2.500	270	land	estimate	Pacific Ocean / the Vespucci sand; the beach clutter in the archives runs x -1587..-1361 at z 0.7..3.3, so this is sand rather than surf
M57.GohanStart	-1514.000	-1406.000	2.500	270	land	estimate	Pacific Ocean / the Vespucci sand; the beach clutter in the archives runs x -1587..-1361 at z 0.7..3.3, so this is sand rather than surf
M57.GuessStart	-1520.000	-1412.000	2.500	270	land	estimate	Pacific Ocean / the Vespucci sand; the beach clutter in the archives runs x -1587..-1361 at z 0.7..3.3, so this is sand rather than surf
M57.SkiGuess	-1640.000	-1396.000	0.000	270	water	estimate	Pacific Ocean / open water off the Vespucci sand, west of the beach edge at x -1587; the depth is checked at runtime
M57.SkiIce	-1640.000	-1408.000	0.000	270	water	estimate	Pacific Ocean / open water off the Vespucci sand, west of the beach edge at x -1587; the depth is checked at runtime
M57.Patrol1	-1750.000	-1300.000	60.000	200	air	estimate	Pacific Ocean / a gunship sweep line over the water north of the pier; nothing placed within 100 m
M57.Patrol2	-1820.000	-1450.000	70.000	20	air	estimate	Pacific Ocean / a gunship sweep line out to sea; nothing placed within 130 m
M57.Patrol3	-1700.000	-1550.000	55.000	340	air	estimate	Pacific Ocean / a gunship sweep line south of the pier; nothing placed within 100 m
M57.Return	-1580.000	-1402.000	0.000	90	water	estimate	Pacific Ocean / the shallows the skis come back to, just off the sand
M54.Start	826.000	-2114.000	30.000	180	land	estimate	Cypress Flats / the foundry yard, eleven meters from the Annihilator; archives show 12.1 m clear, live survey pending
M54.IceStart	821.000	-2113.000	30.000	180	land	estimate	Cypress Flats / the foundry yard; archives show 10.1 m clear, live survey pending
M54.GohanStart	831.000	-2113.000	30.000	180	land	estimate	Cypress Flats / the foundry yard; archives show 7.9 m clear, live survey pending
M54.GuessStart	826.000	-2109.000	30.000	180	land	estimate	Cypress Flats / the foundry yard; archives show 7.7 m clear, live survey pending
M54.Lift	825.000	-2125.000	29.600	0	land	estimate	Cypress Flats / the widest open ground within a hundred meters of the foundry apron, 15.7 m to the nearest placed object; where the Annihilator waits, live survey pending
M54.Pad	-142.670	-593.350	206.310	0	land	estimate	Pillbox Hill / dt1_02_helipad, the helipad on the tower roof deck, at its own archive height; the standing height is probed onto the slab at runtime because a prop origin is not a floor
M54.RoostNorth	-140.000	-589.000	206.310	0	land	estimate	Pillbox Hill / the north corner of the same roof deck, inside the prop_wall_light_03a ring at (-139.2, -587.5); height probed onto the slab at runtime
M54.RoostSouth	-139.000	-597.500	206.310	180	land	estimate	Pillbox Hill / the south corner of the same roof deck, inside the prop_wall_light_03a ring at (-138.7, -598.7); height probed onto the slab at runtime
M54.Antenna	-146.600	-597.800	206.310	225	land	estimate	Pillbox Hill / the roof cabinets prop_elecbox_23 at (-146.19, -598.05, 206.76) and prop_elecbox_03a at (-148.0, -597.8); the feed Gohan taps, height probed onto the slab at runtime
M53.Entrance	-473.000	-702.000	31.500	200	land	estimate	Little Seoul / the street above the metro entrance structure kt1_09_seoul_subway; archives show 17.4 m clear at street level, where the job is taken
M53.Start	-352.000	-676.000	13.030	90	land	estimate	Downtown / the metro tunnel under the Downtown core, on the run of metro_t_* sections whose origins all sit at 13.03; the floor is measured by one probe at the carriage and every point moves with it, live survey pending
M53.IceStart	-348.000	-678.000	13.030	90	land	estimate	Downtown / the metro tunnel under the Downtown core, on the run of metro_t_* sections whose origins all sit at 13.03; the floor is measured by one probe at the carriage and every point moves with it, live survey pending
M53.GohanStart	-356.000	-675.000	13.030	90	land	estimate	Downtown / the metro tunnel under the Downtown core, on the run of metro_t_* sections whose origins all sit at 13.03; the floor is measured by one probe at the carriage and every point moves with it, live survey pending
M53.GuessStart	-360.000	-674.000	13.030	90	land	estimate	Downtown / the metro tunnel under the Downtown core, on the run of metro_t_* sections whose origins all sit at 13.03; the floor is measured by one probe at the carriage and every point moves with it, live survey pending
M53.Train	-380.000	-671.000	13.030	90	land	estimate	Downtown / the tunnel section metro_t_join at (-380.17, -673.07, 13.03), where the carriage stalls; it sits three meters north of the crew on the assumption a two-track bore has room for both, which is the one judgment here rather than a reading
M53.Mine1	-390.000	-675.000	13.030	90	land	estimate	Downtown / a tripwire at the west end of the stalled carriage; Downtown / the metro tunnel under the Downtown core, on the run of metro_t_* sections whose origins all sit at 13.03; the floor is measured by one probe at the carriage and every point moves with it, live survey pending
M53.Mine2	-380.000	-675.000	13.030	90	land	estimate	Downtown / a tripwire at the carriage doors, which is where the authored line puts them; Downtown / the metro tunnel under the Downtown core, on the run of metro_t_* sections whose origins all sit at 13.03; the floor is measured by one probe at the carriage and every point moves with it, live survey pending
M53.Mine3	-370.000	-675.000	13.030	90	land	estimate	Downtown / a tripwire at the east end of the stalled carriage; Downtown / the metro tunnel under the Downtown core, on the run of metro_t_* sections whose origins all sit at 13.03; the floor is measured by one probe at the carriage and every point moves with it, live survey pending
M53.Exit	-470.000	-714.000	22.510	0	land	estimate	Little Seoul / metro_newwalk1 at (-470.15, -714.52, 22.51), the station walkway between the platform and the street; the way out, live survey pending
M53.SquadA1	-445.000	-671.000	13.640	270	land	estimate	Little Seoul / the metro platform end of the same run, where metro_stat3join1 at (-437.69, -675.41, 13.64) turns the tunnel into station; live survey pending
M53.SquadA2	-452.000	-676.000	13.640	270	land	estimate	Little Seoul / the metro platform end of the same run, where metro_stat3join1 at (-437.69, -675.41, 13.64) turns the tunnel into station; live survey pending
M53.SquadA3	-459.000	-671.000	13.640	270	land	estimate	Little Seoul / the metro platform end of the same run, where metro_stat3join1 at (-437.69, -675.41, 13.64) turns the tunnel into station; live survey pending
M53.SquadA4	-466.000	-676.000	13.640	270	land	estimate	Little Seoul / the metro platform end of the same run, where metro_stat3join1 at (-437.69, -675.41, 13.64) turns the tunnel into station; live survey pending
M53.SquadB1	-480.000	-676.000	13.640	270	land	estimate	Little Seoul / the metro platform end of the same run, where metro_stat3join1 at (-437.69, -675.41, 13.64) turns the tunnel into station; live survey pending
M53.SquadB2	-487.000	-671.000	13.640	270	land	estimate	Little Seoul / the metro platform end of the same run, where metro_stat3join1 at (-437.69, -675.41, 13.64) turns the tunnel into station; live survey pending
M53.SquadB3	-494.000	-676.000	13.640	270	land	estimate	Little Seoul / the metro platform end of the same run, where metro_stat3join1 at (-437.69, -675.41, 13.64) turns the tunnel into station; live survey pending
M53.SquadB4	-501.000	-672.000	13.640	270	land	estimate	Little Seoul / the metro platform end of the same run, where metro_stat3join1 at (-437.69, -675.41, 13.64) turns the tunnel into station; live survey pending
M56.Start	-314.125	-1725.325	-0.400	230	channel	estimate	La Puerta / the Los Santos River storm channel, on the line from sp1_12_riv_08 at (-333.4, -1709.4) to sp1_12_riv_09 at (-120.9, -1883.5); the floor is the debris median at -0.40 and one probe at the half-track corrects all of it, live survey pending
M56.IceStart	-315.131	-1729.683	-0.400	230	channel	estimate	La Puerta / the Los Santos River storm channel, on the line from sp1_12_riv_08 at (-333.4, -1709.4) to sp1_12_riv_09 at (-120.9, -1883.5); the floor is the debris median at -0.40 and one probe at the half-track corrects all of it, live survey pending
M56.GohanStart	-313.890	-1720.330	-0.400	230	channel	estimate	La Puerta / the Los Santos River storm channel, on the line from sp1_12_riv_08 at (-333.4, -1709.4) to sp1_12_riv_09 at (-120.9, -1883.5); the floor is the debris median at -0.40 and one probe at the half-track corrects all of it, live survey pending
M56.GuessStart	-311.544	-1730.052	-0.400	230	channel	estimate	La Puerta / the Los Santos River storm channel, on the line from sp1_12_riv_08 at (-333.4, -1709.4) to sp1_12_riv_09 at (-120.9, -1883.5); the floor is the debris median at -0.40 and one probe at the half-track corrects all of it, live survey pending
M56.Halftrack	-299.107	-1733.841	-0.400	230	channel	estimate	La Puerta / where the half-track waits on the channel floor; archives show 17.9 m of clear floor, and this is the point the floor probe is taken at
M56.ApcOne	-219.661	-1807.263	-0.400	50	channel	estimate	Maze Bank Arena / the near Scarab, south of sp1_12_bridge_1fc at (-191.7, -1813.8, 29.63) so it comes north under the bridge as the authored line says; 9.7 m of clear floor
M56.ApcTwo	-184.999	-1828.117	-0.400	50	channel	estimate	Maze Bank Arena / the far Scarab, the other side of the same bridge; 12.3 m of clear floor
M56.Chopper	-202.330	-1817.690	45.000	50	air	estimate	Maze Bank Arena / the Savage's approach over the channel, above the 28 m rim and clear of sp1_12_bridge_1fc at 29.63; nothing placed within 40 m at this height
M56.Exit	-354.619	-1687.977	-0.400	50	channel	estimate	La Puerta / the run-out up-channel, where the archives show 35 m of clear floor; the harbor end is full of wrecks and pallets, live survey pending
M56.BridgeGunner1	-188.000	-1810.000	28.800	140	land	estimate	Maze Bank Arena / on sp1_12_bridge_1fc, the bridge over the channel whose origin is at 29.63; street level, so ground preparation is right here and this is not a fixed surface
M56.BridgeGunner2	-196.000	-1818.000	28.800	140	land	estimate	Maze Bank Arena / the other end of the same bridge deck; street level, so ground preparation is right here and this is not a fixed surface
M63.Start	-106.000	-798.000	36.770	130	land	estimate	Pillbox Hill / the Maze Bank plaza deck at dt1_11_dt1_plaza (-76.6, -825.6, 36.77), seven meters above the street around it, which is why it is a fixed surface; live survey pending
M63.IceStart	-110.000	-800.000	36.770	130	land	estimate	Pillbox Hill / the Maze Bank plaza deck at dt1_11_dt1_plaza (-76.6, -825.6, 36.77), seven meters above the street around it, which is why it is a fixed surface; live survey pending
M63.GohanStart	-102.000	-796.000	36.770	130	land	estimate	Pillbox Hill / the Maze Bank plaza deck at dt1_11_dt1_plaza (-76.6, -825.6, 36.77), seven meters above the street around it, which is why it is a fixed surface; live survey pending
M63.GuessStart	-108.000	-794.000	36.770	130	land	estimate	Pillbox Hill / the Maze Bank plaza deck at dt1_11_dt1_plaza (-76.6, -825.6, 36.77), seven meters above the street around it, which is why it is a fixed surface; live survey pending
M63.Technical	-98.000	-782.000	36.770	130	land	estimate	Pillbox Hill / where the technical lines up for the run at the entrance, 42 m out on the plaza deck; the Maze Bank plaza deck at dt1_11_dt1_plaza (-76.6, -825.6, 36.77), seven meters above the street around it, which is why it is a fixed surface; live survey pending
M63.Doors	-84.130	-821.350	36.710	130	land	estimate	Pillbox Hill / the Maze Bank vehicle entrance, the hei_dt1_11_carpark portal at its own archive height; the deck is probed here and every other plaza point moves with it
M63.Nest1	-82.000	-790.000	36.770	310	land	estimate	Pillbox Hill / a contractor gun nest covering the plaza approach; the Maze Bank plaza deck at dt1_11_dt1_plaza (-76.6, -825.6, 36.77), seven meters above the street around it, which is why it is a fixed surface; live survey pending
M63.Nest2	-86.000	-766.000	36.770	310	land	estimate	Pillbox Hill / a contractor gun nest covering the plaza approach; the Maze Bank plaza deck at dt1_11_dt1_plaza (-76.6, -825.6, 36.77), seven meters above the street around it, which is why it is a fixed surface; live survey pending
M63.Nest3	-114.000	-782.000	36.770	310	land	estimate	Pillbox Hill / a contractor gun nest covering the plaza approach; the Maze Bank plaza deck at dt1_11_dt1_plaza (-76.6, -825.6, 36.77), seven meters above the street around it, which is why it is a fixed surface; live survey pending
M63.Core	-88.000	-827.000	36.770	40	land	estimate	Pillbox Hill / the security core beside the tower entrance; derived from the entrance rather than a placed prop, height probed with the deck, live survey pending
M64.Start	-92.000	-806.000	36.770	130	land	estimate	Pillbox Hill / the Maze Bank plaza, where the crew forms up before going to the service floor; the Maze Bank plaza deck at dt1_11_dt1_plaza (-76.6, -825.6, 36.77), seven meters above the street around it, which is why it is a fixed surface; live survey pending
M64.IceStart	-96.000	-808.000	36.770	130	land	estimate	Pillbox Hill / the Maze Bank plaza deck at dt1_11_dt1_plaza (-76.6, -825.6, 36.77), seven meters above the street around it, which is why it is a fixed surface; live survey pending
M64.GohanStart	-88.000	-804.000	36.770	130	land	estimate	Pillbox Hill / the Maze Bank plaza deck at dt1_11_dt1_plaza (-76.6, -825.6, 36.77), seven meters above the street around it, which is why it is a fixed surface; live survey pending
M64.GuessStart	-94.000	-802.000	36.770	130	land	estimate	Pillbox Hill / the Maze Bank plaza deck at dt1_11_dt1_plaza (-76.6, -825.6, 36.77), seven meters above the street around it, which is why it is a fixed surface; live survey pending
M64.Doors	-84.130	-821.350	36.710	130	land	estimate	Pillbox Hill / the Maze Bank entrance, the hei_dt1_11_carpark portal; the lift up to the service floor is taken here
M65.Start	-92.000	-806.000	36.770	130	land	estimate	Pillbox Hill / the Maze Bank plaza, where the crew forms up before going to the executive floor; the Maze Bank plaza deck at dt1_11_dt1_plaza (-76.6, -825.6, 36.77), seven meters above the street around it, which is why it is a fixed surface; live survey pending
M65.IceStart	-96.000	-808.000	36.770	130	land	estimate	Pillbox Hill / the Maze Bank plaza deck at dt1_11_dt1_plaza (-76.6, -825.6, 36.77), seven meters above the street around it, which is why it is a fixed surface; live survey pending
M65.GohanStart	-88.000	-804.000	36.770	130	land	estimate	Pillbox Hill / the Maze Bank plaza deck at dt1_11_dt1_plaza (-76.6, -825.6, 36.77), seven meters above the street around it, which is why it is a fixed surface; live survey pending
M65.GuessStart	-94.000	-802.000	36.770	130	land	estimate	Pillbox Hill / the Maze Bank plaza deck at dt1_11_dt1_plaza (-76.6, -825.6, 36.77), seven meters above the street around it, which is why it is a fixed surface; live survey pending
M65.Doors	-84.130	-821.350	36.710	130	land	estimate	Pillbox Hill / the Maze Bank entrance, the hei_dt1_11_carpark portal; the lift up to the executive floor is taken here
M66.Start	-75.200	-818.950	323.260	0	land	estimate	Pillbox Hill / the Maze Bank roof helipad dt1_11_heliport at its own archive height; live survey pending
M66.IceStart	-79.000	-819.000	323.260	0	land	estimate	Pillbox Hill / the Maze Bank roof deck, inside the prop_wall_light_02a ring that outlines it; live survey pending
M66.GohanStart	-71.500	-819.000	323.260	0	land	estimate	Pillbox Hill / the Maze Bank roof deck, inside the prop_wall_light_02a ring that outlines it; live survey pending
M66.GuessStart	-75.200	-815.000	323.260	0	land	estimate	Pillbox Hill / the Maze Bank roof deck, inside the prop_wall_light_02a ring that outlines it; live survey pending
M66.Edge	-75.200	-827.500	323.260	180	land	estimate	Pillbox Hill / the south parapet of the Maze Bank roof, inside the prop_wall_light_02a at (-78.9, -827.9, 324.99); where they go off, live survey pending
M66.Patrol1	-150.000	-790.000	355.000	120	air	estimate	Pillbox Hill / an Aegis QRF gunship circuit over the tower, above the 325.17 roof rim and clear of it
M66.Patrol2	10.000	-860.000	350.000	300	air	estimate	Pillbox Hill / an Aegis QRF gunship circuit over the tower, above the 325.17 roof rim and clear of it
M66.Patrol3	-60.000	-720.000	345.000	200	air	estimate	Pillbox Hill / an Aegis QRF gunship circuit over the tower, above the 325.17 roof rim and clear of it
M66.Landing	-1180.000	-1180.000	15.000	300	land	estimate	Vespucci Canals / a seed on the Del Perro connector; the lane itself comes from GameUtils.NearestRoadNode at runtime, because roads are baked terrain and no placed-entity survey can find one
M55.Start	-13.080	-593.620	93.030	0	interior	estimate	Pillbox Hill / the first penthouse, where the job is taken; one of the game's own high-end apartment interiors, v_apartment_high, stock base map in a hw1_blimp_interior ymap with no DLC prefix, so nothing has to be requested; only this placement is authored and everything inside is found at runtime, live survey pending
M55.IceStart	-13.080	-593.620	93.030	0	interior	estimate	Pillbox Hill / Ice's penthouse; one of the game's own high-end apartment interiors, v_apartment_high, stock base map in a hw1_blimp_interior ymap with no DLC prefix, so nothing has to be requested; only this placement is authored and everything inside is found at runtime, live survey pending
M55.GohanStart	-282.300	-954.780	85.300	0	interior	estimate	Pillbox Hill / Gohan's penthouse, 610 m from Ice's; one of the game's own high-end apartment interiors, v_apartment_high, stock base map in a hw1_blimp_interior ymap with no DLC prefix, so nothing has to be requested; only this placement is authored and everything inside is found at runtime, live survey pending
M55.GuessStart	-460.610	-691.560	69.880	0	interior	estimate	Little Seoul / Guess's penthouse, 460 m from Ice's; one of the game's own high-end apartment interiors, v_apartment_high, stock base map in a hw1_blimp_interior ymap with no DLC prefix, so nothing has to be requested; only this placement is authored and everything inside is found at runtime, live survey pending
M55.Regroup	-180.000	-830.000	30.000	200	land	estimate	Pillbox Hill / the street regroup between the three towers; the authored parachute descent to the canal is not reproduced, because the nearest canal is 800 m from a 90 m roof
SM07.Suite	-260.880	-953.560	70.020	0	interior	estimate	Pillbox Hill / Sterling's suite, one of the game's own high-end apartment interiors, v_apartment_high, stock base map in a hw1_blimp_interior ymap with no DLC prefix, so nothing has to be requested; the bible's Del Perro hotel has no interior anywhere in Los Santos, so this stands in for it; only this placement is authored and everything inside is found at runtime, live survey pending
SM07.Start	-266.000	-963.000	31.000	340	land	estimate	Pillbox Hill / the street below Sterling's tower, where the job is taken; live survey pending
SM08.Floor	-139.540	-629.080	167.820	0	interior	estimate	Pillbox Hill / the Vanderbilt and Cole floor, the executive office MLO ex_dt1_02_office_01a at its own placement; DLC map data, so the IPL goes through DlcMaps; only this placement is authored, live survey pending
SM08.Start	-145.000	-640.000	33.000	340	land	estimate	Pillbox Hill / the street below the firm's tower, where the job is taken; live survey pending
SM08.Exit	-145.000	-640.000	33.000	340	land	estimate	Pillbox Hill / out of the building and clear of it, the same street point; live survey pending
M58.Start	1100.000	-806.000	57.000	0	land	estimate	Mirror Park / the Mirror Park cul-de-sac around the vented block; street level, so ground preparation is right here, live survey pending
M58.IceStart	1094.000	-808.000	57.000	0	land	estimate	Mirror Park / the Mirror Park cul-de-sac around the vented block; street level, so ground preparation is right here, live survey pending
M58.GohanStart	1106.000	-808.000	57.000	0	land	estimate	Mirror Park / the Mirror Park cul-de-sac around the vented block; street level, so ground preparation is right here, live survey pending
M58.GuessStart	1100.000	-812.000	57.000	0	land	estimate	Mirror Park / the Mirror Park cul-de-sac around the vented block; street level, so ground preparation is right here, live survey pending
M58.Hauler	1100.000	-818.000	57.000	0	land	estimate	Mirror Park / where the armored hauler waits for its run at the gate; the Mirror Park cul-de-sac around the vented block; street level, so ground preparation is right here, live survey pending
M58.Gate	1104.000	-790.000	58.000	0	land	estimate	Mirror Park / a seed for the compound gate; the lane comes from GameUtils.NearestRoadNode at runtime, because roads are baked terrain
M58.Overwatch	1100.000	-800.000	57.000	0	land	estimate	Mirror Park / where Ice sets the LMG on the cul-de-sac; the Mirror Park cul-de-sac around the vented block; street level, so ground preparation is right here, live survey pending
M58.Vent1	1072.400	-778.100	60.340	180	land	estimate	Mirror Park / prop_roofvent_04a on the villa roof at its own archive height; one of the two HVAC intakes Gohan gasses
M58.Vent2	1138.500	-779.700	63.230	180	land	estimate	Mirror Park / prop_roofvent_04a on the villa roof at its own archive height, 66 m from the first; the second HVAC intake
M58.Capo1	1080.000	-772.000	58.000	180	land	estimate	Mirror Park / a Cifuentes capo inside the compound, between the two vented roofs; the Mirror Park cul-de-sac around the vented block; street level, so ground preparation is right here, live survey pending
M58.Capo2	1096.000	-770.000	58.000	180	land	estimate	Mirror Park / a Cifuentes capo inside the compound, between the two vented roofs; the Mirror Park cul-de-sac around the vented block; street level, so ground preparation is right here, live survey pending
M58.Capo3	1112.000	-770.000	58.000	180	land	estimate	Mirror Park / a Cifuentes capo inside the compound, between the two vented roofs; the Mirror Park cul-de-sac around the vented block; street level, so ground preparation is right here, live survey pending
M58.Capo4	1128.000	-774.000	58.000	180	land	estimate	Mirror Park / a Cifuentes capo inside the compound, between the two vented roofs; the Mirror Park cul-de-sac around the vented block; street level, so ground preparation is right here, live survey pending
M58.Guard1	1086.000	-786.000	58.000	180	land	estimate	Mirror Park / compound security in the cul-de-sac; the Mirror Park cul-de-sac around the vented block; street level, so ground preparation is right here, live survey pending
M58.Guard2	1102.000	-784.000	58.000	180	land	estimate	Mirror Park / compound security in the cul-de-sac; the Mirror Park cul-de-sac around the vented block; street level, so ground preparation is right here, live survey pending
M58.Guard3	1118.000	-786.000	58.000	180	land	estimate	Mirror Park / compound security in the cul-de-sac; the Mirror Park cul-de-sac around the vented block; street level, so ground preparation is right here, live survey pending
M58.Guard4	1070.000	-794.000	58.000	180	land	estimate	Mirror Park / compound security in the cul-de-sac; the Mirror Park cul-de-sac around the vented block; street level, so ground preparation is right here, live survey pending
M58.Guard5	1134.000	-792.000	58.000	180	land	estimate	Mirror Park / compound security in the cul-de-sac; the Mirror Park cul-de-sac around the vented block; street level, so ground preparation is right here, live survey pending
M58.Guard6	1104.000	-762.000	58.000	180	land	estimate	Mirror Park / compound security in the cul-de-sac; the Mirror Park cul-de-sac around the vented block; street level, so ground preparation is right here, live survey pending
M59.Start	227.000	1120.000	230.000	20	land	estimate	Baytree Canyon / the transmitter yard on the Vinewood ridge; archives show 19.2 m clear at mast level, live survey pending
M59.GohanStart	219.000	1128.000	230.000	20	land	estimate	Baytree Canyon / the transmitter yard beside prop_radiomast02; archives show 11.2 m clear, live survey pending
M59.GuessStart	235.000	1120.000	230.000	20	land	estimate	Baytree Canyon / the transmitter yard on the Vinewood ridge; archives show 19.8 m clear, live survey pending
M59.Mast	217.060	1140.440	230.260	20	land	estimate	Vinewood Hills / prop_radiomast02 and the plant around its base at 230.3 to 235.7; the state relay Gohan overrides, at the mast's own archive height
M59.IceStart	736.580	1194.270	335.540	250	land	estimate	Galileo Park / the Vinewood sign, at ch2_03_ladder_mesh_07's own archive height; a fixed surface probed onto the real letter top at runtime, because a ladder prop's origin is not a floor
M59.Roost	736.580	1194.270	335.540	250	land	estimate	Galileo Park / the same maintenance ladder, the middle of twelve running the sign from (690.4, 1201.8) to (781.7, 1174.5); 522 m from the mast, which is the overwatch
M59.Approach	470.000	1170.000	350.000	250	air	estimate	Galileo Park / the Aegis helicopter's approach between the mast and the sign, above the 335 m ridge line
M60.Start	110.000	-1900.000	20.000	0	land	estimate	Davis / the Davis block; street level at z 19 to 22, so ground preparation is right here, live survey pending
M60.IceStart	104.000	-1902.000	20.000	0	land	estimate	Davis / the Davis block; street level at z 19 to 22, so ground preparation is right here, live survey pending
M60.GohanStart	116.000	-1902.000	20.000	0	land	estimate	Davis / the Davis block; street level at z 19 to 22, so ground preparation is right here, live survey pending
M60.GuessStart	110.000	-1906.000	20.000	0	land	estimate	Davis / the Davis block; street level at z 19 to 22, so ground preparation is right here, live survey pending
M60.Hold	110.000	-1890.000	20.000	0	land	estimate	Davis / the corner the roadblock closes and the crew holds; the Davis block; street level at z 19 to 22, so ground preparation is right here, live survey pending
M60.Wave1	110.000	-1830.000	21.000	180	land	estimate	Davis / where the first Aegis wave comes onto the block from the freeway side; the Davis block; street level at z 19 to 22, so ground preparation is right here, live survey pending
M60.Wave2	60.000	-1870.000	20.000	140	land	estimate	Davis / where the second wave comes in, from the west; the Davis block; street level at z 19 to 22, so ground preparation is right here, live survey pending
M60.Wave3	160.000	-1870.000	20.000	220	land	estimate	Davis / where the third wave comes in, from the east; the Davis block; street level at z 19 to 22, so ground preparation is right here, live survey pending
M60.Ally1	100.000	-1884.000	20.000	180	land	estimate	Davis / somebody from the block who stayed and is holding the alley; the Davis block; street level at z 19 to 22, so ground preparation is right here, live survey pending
M60.Ally2	120.000	-1884.000	20.000	180	land	estimate	Davis / somebody from the block who stayed and is holding the alley; the Davis block; street level at z 19 to 22, so ground preparation is right here, live survey pending
M60.Ally3	110.000	-1878.000	20.000	180	land	estimate	Davis / somebody from the block who stayed and is holding the alley; the Davis block; street level at z 19 to 22, so ground preparation is right here, live survey pending
M61.Start	975.000	-2893.000	5.300	180	land	estimate	Terminal / the Terminal Island quay beside the moorings, where the dive goes in; live survey pending
M61.GohanStart	970.000	-2893.000	5.300	180	land	estimate	Terminal / the Terminal Island quay beside the moorings; live survey pending
M61.IceStart	980.000	-2893.000	5.300	180	land	estimate	Terminal / the Terminal Island quay beside the moorings; live survey pending
M61.GuessStart	985.000	-2893.000	5.300	180	land	estimate	Terminal / the Terminal Island quay beside the moorings; live survey pending
M61.Wreck	925.000	-2890.000	0.000	0	water	estimate	Terminal / the downed gunship on the basin floor; the port basin west of the Terminal Island quay, whose edge runs along y=-2899 with prop_dock_moor_04 from x 966 to 1225; the container stacks start at x 958, so this is open water, depth checked at runtime
M61.Surface	950.000	-2893.000	0.000	0	water	estimate	Terminal / where the server comes up, between the wreck and the quay; the port basin west of the Terminal Island quay, whose edge runs along y=-2899 with prop_dock_moor_04 from x 966 to 1225; the container stacks start at x 958, so this is open water, depth checked at runtime
M61.Diver1	915.000	-2875.000	0.000	0	water	estimate	Terminal / an Aegis demolition diver coming for the wreck; the port basin west of the Terminal Island quay, whose edge runs along y=-2899 with prop_dock_moor_04 from x 966 to 1225; the container stacks start at x 958, so this is open water, depth checked at runtime
M61.Diver2	935.000	-2905.000	0.000	0	water	estimate	Terminal / an Aegis demolition diver coming for the wreck; the port basin west of the Terminal Island quay, whose edge runs along y=-2899 with prop_dock_moor_04 from x 966 to 1225; the container stacks start at x 958, so this is open water, depth checked at runtime
M61.Diver3	905.000	-2895.000	0.000	0	water	estimate	Terminal / an Aegis demolition diver coming for the wreck; the port basin west of the Terminal Island quay, whose edge runs along y=-2899 with prop_dock_moor_04 from x 966 to 1225; the container stacks start at x 958, so this is open water, depth checked at runtime
M61.Diver4	930.000	-2870.000	0.000	0	water	estimate	Terminal / an Aegis demolition diver coming for the wreck; the port basin west of the Terminal Island quay, whose edge runs along y=-2899 with prop_dock_moor_04 from x 966 to 1225; the container stacks start at x 958, so this is open water, depth checked at runtime
M62.Start	455.000	-2600.000	4.000	270	land	estimate	Elysian Island / the bank beside the rail crossing; live survey pending
M62.IceStart	452.000	-2606.000	4.000	270	land	estimate	Elysian Island / the bank beside the rail crossing; live survey pending
M62.GohanStart	458.000	-2606.000	4.000	270	land	estimate	Elysian Island / the bank beside the rail crossing; live survey pending
M62.GuessStart	455.000	-2612.000	4.000	270	land	estimate	Elysian Island / the bank beside the rail crossing; live survey pending
M62.Consist	440.950	-2646.640	2.270	0	land	estimate	Elysian Island / the head of the consist, on the coastal rail crossing at the port basin, on the po1_05_railriver bridge sections at (439.07, -2737.60, 2.76), (440.95, -2646.64, 2.27) and (439.53, -2504.07, 2.58)
M62.Flat1	439.530	-2504.070	2.580	0	land	estimate	Elysian Island / a flatbed standing on the coastal rail crossing at the port basin, on the po1_05_railriver bridge sections at (439.07, -2737.60, 2.76), (440.95, -2646.64, 2.27) and (439.53, -2504.07, 2.58)
M62.Flat2	439.070	-2737.600	2.760	0	land	estimate	Elysian Island / a flatbed standing on the coastal rail crossing at the port basin, on the po1_05_railriver bridge sections at (439.07, -2737.60, 2.76), (440.95, -2646.64, 2.27) and (439.53, -2504.07, 2.58)
M62.Container	440.950	-2650.000	3.500	0	land	estimate	Elysian Island / the reserves container on the consist; the coastal rail crossing at the port basin, on the po1_05_railriver bridge sections at (439.07, -2737.60, 2.76), (440.95, -2646.64, 2.27) and (439.53, -2504.07, 2.58)
M62.Boat	500.000	-2650.000	0.000	270	water	estimate	Elysian Island / open water sixty meters off the crossing, where Gohan holds the boat parallel; depth checked at runtime
M62.Chopper	400.000	-2650.000	60.000	90	air	estimate	Elysian Island / the Annihilator line over the crossing, above the bridge arches
M62.Rider1	441.000	-2520.000	3.500	0	land	estimate	Elysian Island / escort riding the flatbeds; the coastal rail crossing at the port basin, on the po1_05_railriver bridge sections at (439.07, -2737.60, 2.76), (440.95, -2646.64, 2.27) and (439.53, -2504.07, 2.58)
M62.Rider2	440.000	-2560.000	3.500	0	land	estimate	Elysian Island / escort riding the flatbeds; the coastal rail crossing at the port basin, on the po1_05_railriver bridge sections at (439.07, -2737.60, 2.76), (440.95, -2646.64, 2.27) and (439.53, -2504.07, 2.58)
M62.Rider3	441.000	-2600.000	3.500	0	land	estimate	Elysian Island / escort riding the flatbeds; the coastal rail crossing at the port basin, on the po1_05_railriver bridge sections at (439.07, -2737.60, 2.76), (440.95, -2646.64, 2.27) and (439.53, -2504.07, 2.58)
M62.Rider4	440.000	-2690.000	3.500	0	land	estimate	Elysian Island / escort riding the flatbeds; the coastal rail crossing at the port basin, on the po1_05_railriver bridge sections at (439.07, -2737.60, 2.76), (440.95, -2646.64, 2.27) and (439.53, -2504.07, 2.58)
M62.Rider5	441.000	-2720.000	3.500	0	land	estimate	Elysian Island / escort riding the flatbeds; the coastal rail crossing at the port basin, on the po1_05_railriver bridge sections at (439.07, -2737.60, 2.76), (440.95, -2646.64, 2.27) and (439.53, -2504.07, 2.58)
M67.Start	-1180.000	-1180.000	6.000	200	land	estimate	Vespucci Canals / the Del Perro industrial edge where the rig is loaded; the sub-station the bible names has no model anywhere in the archives, live survey pending
M67.IceStart	-1186.000	-1184.000	6.000	200	land	estimate	Vespucci Canals / the Del Perro industrial edge; live survey pending
M67.GohanStart	-1174.000	-1184.000	6.000	200	land	estimate	Vespucci Canals / the Del Perro industrial edge; live survey pending
M67.GuessStart	-1180.000	-1190.000	6.000	200	land	estimate	Vespucci Canals / the Del Perro industrial edge; live survey pending
M67.Semi	-1180.000	-1196.000	6.000	200	land	estimate	Vespucci Canals / where the extraction rig waits; live survey pending
M67.Airport	-1030.000	-2730.000	13.000	200	land	estimate	Los Santos International Airport / the airport perimeter the run ends at; live survey pending
M68.Start	-317.980	-1722.140	-0.400	230	channel	estimate	La Puerta / the Los Santos River storm channel on the line from sp1_12_riv_08 (-333.4, -1709.4) to sp1_12_riv_09 (-120.9, -1883.5); the floor is the debris median at -0.40, the same measurement M56 uses
M68.IceStart	-322.841	-1723.313	-0.400	230	channel	estimate	La Puerta / the Los Santos River storm channel on the line from sp1_12_riv_08 (-333.4, -1709.4) to sp1_12_riv_09 (-120.9, -1883.5); the floor is the debris median at -0.40, the same measurement M56 uses
M68.GohanStart	-313.119	-1720.967	-0.400	230	channel	estimate	La Puerta / the Los Santos River storm channel on the line from sp1_12_riv_08 (-333.4, -1709.4) to sp1_12_riv_09 (-120.9, -1883.5); the floor is the debris median at -0.40, the same measurement M56 uses
M68.GuessStart	-322.606	-1718.318	-0.400	230	channel	estimate	La Puerta / the Los Santos River storm channel on the line from sp1_12_riv_08 (-333.4, -1709.4) to sp1_12_riv_09 (-120.9, -1883.5); the floor is the debris median at -0.40, the same measurement M56 uses
M68.Rig	-306.415	-1731.695	-0.400	230	channel	estimate	La Puerta / where the rig starts its run and the floor probe is taken; the Los Santos River storm channel on the line from sp1_12_riv_08 (-333.4, -1709.4) to sp1_12_riv_09 (-120.9, -1883.5); the floor is the debris median at -0.40, the same measurement M56 uses
M68.Chaser1	-262.703	-1772.999	-0.400	230	channel	estimate	Maze Bank Arena / a PMC gun-truck coming in off a bridge ramp; the Los Santos River storm channel on the line from sp1_12_riv_08 (-333.4, -1709.4) to sp1_12_riv_09 (-120.9, -1883.5); the floor is the debris median at -0.40, the same measurement M56 uses
M68.Chaser2	-230.622	-1789.126	-0.400	230	channel	estimate	Maze Bank Arena / a PMC gun-truck coming in off a bridge ramp; the Los Santos River storm channel on the line from sp1_12_riv_08 (-333.4, -1709.4) to sp1_12_riv_09 (-120.9, -1883.5); the floor is the debris median at -0.40, the same measurement M56 uses
M68.Chaser3	-208.733	-1817.589	-0.400	230	channel	estimate	Maze Bank Arena / a PMC gun-truck coming in off a bridge ramp; the Los Santos River storm channel on the line from sp1_12_riv_08 (-333.4, -1709.4) to sp1_12_riv_09 (-120.9, -1883.5); the floor is the debris median at -0.40, the same measurement M56 uses
M68.Mouth	-140.650	-1868.650	0.400	230	channel	estimate	Maze Bank Arena / the channel mouth the rig leaves by, toward the airport; the Los Santos River storm channel on the line from sp1_12_riv_08 (-333.4, -1709.4) to sp1_12_riv_09 (-120.9, -1883.5); the floor is the debris median at -0.40, the same measurement M56 uses
M69.Start	-1105.000	-2670.000	13.000	240	land	estimate	Los Santos International Airport / the airport perimeter, where the rig comes through; the LSIA surface on the line of sixty-three prop_roadpole_01a running from (-1398, -3183, 13.15) to (-1121, -2690, 12.95), five hundred and sixty-six meters at a constant z 13; live survey pending
M69.IceStart	-1111.000	-2674.000	13.000	240	land	estimate	Los Santos International Airport / the LSIA surface on the line of sixty-three prop_roadpole_01a running from (-1398, -3183, 13.15) to (-1121, -2690, 12.95), five hundred and sixty-six meters at a constant z 13; live survey pending
M69.GohanStart	-1099.000	-2674.000	13.000	240	land	estimate	Los Santos International Airport / the LSIA surface on the line of sixty-three prop_roadpole_01a running from (-1398, -3183, 13.15) to (-1121, -2690, 12.95), five hundred and sixty-six meters at a constant z 13; live survey pending
M69.GuessStart	-1105.000	-2678.000	13.000	240	land	estimate	Los Santos International Airport / the LSIA surface on the line of sixty-three prop_roadpole_01a running from (-1398, -3183, 13.15) to (-1121, -2690, 12.95), five hundred and sixty-six meters at a constant z 13; live survey pending
M69.Rig	-1105.000	-2684.000	13.000	240	land	estimate	Los Santos International Airport / where the rig comes through the fence; the LSIA surface on the line of sixty-three prop_roadpole_01a running from (-1398, -3183, 13.15) to (-1121, -2690, 12.95), five hundred and sixty-six meters at a constant z 13; live survey pending
M69.Runway	-1210.000	-2870.000	13.000	240	land	estimate	Los Santos International Airport / the runway itself, on the pole line; the LSIA surface on the line of sixty-three prop_roadpole_01a running from (-1398, -3183, 13.15) to (-1121, -2690, 12.95), five hundred and sixty-six meters at a constant z 13; live survey pending
M69.Bowser	-1300.000	-3020.000	13.000	240	land	estimate	Los Santos International Airport / the fuel bowser at the taxiway line, the one Ice tells Guess to ram; the LSIA surface on the line of sixty-three prop_roadpole_01a running from (-1398, -3183, 13.15) to (-1121, -2690, 12.95), five hundred and sixty-six meters at a constant z 13; live survey pending
M69.Block1	-1290.000	-3030.000	13.000	240	land	estimate	Los Santos International Airport / an Aegis vehicle across the taxiway; the LSIA surface on the line of sixty-three prop_roadpole_01a running from (-1398, -3183, 13.15) to (-1121, -2690, 12.95), five hundred and sixty-six meters at a constant z 13; live survey pending
M69.Block2	-1310.000	-3010.000	13.000	240	land	estimate	Los Santos International Airport / an Aegis vehicle across the taxiway; the LSIA surface on the line of sixty-three prop_roadpole_01a running from (-1398, -3183, 13.15) to (-1121, -2690, 12.95), five hundred and sixty-six meters at a constant z 13; live survey pending
M69.Swat1	-1288.000	-3040.000	13.000	240	land	estimate	Los Santos International Airport / Aegis SWAT holding the taxiway line; the LSIA surface on the line of sixty-three prop_roadpole_01a running from (-1398, -3183, 13.15) to (-1121, -2690, 12.95), five hundred and sixty-six meters at a constant z 13; live survey pending
M69.Swat2	-1298.000	-3034.000	13.000	240	land	estimate	Los Santos International Airport / Aegis SWAT holding the taxiway line; the LSIA surface on the line of sixty-three prop_roadpole_01a running from (-1398, -3183, 13.15) to (-1121, -2690, 12.95), five hundred and sixty-six meters at a constant z 13; live survey pending
M69.Swat3	-1308.000	-3028.000	13.000	240	land	estimate	Los Santos International Airport / Aegis SWAT holding the taxiway line; the LSIA surface on the line of sixty-three prop_roadpole_01a running from (-1398, -3183, 13.15) to (-1121, -2690, 12.95), five hundred and sixty-six meters at a constant z 13; live survey pending
M69.Swat4	-1318.000	-3022.000	13.000	240	land	estimate	Los Santos International Airport / Aegis SWAT holding the taxiway line; the LSIA surface on the line of sixty-three prop_roadpole_01a running from (-1398, -3183, 13.15) to (-1121, -2690, 12.95), five hundred and sixty-six meters at a constant z 13; live survey pending
M69.Swat5	-1280.000	-3026.000	13.000	240	land	estimate	Los Santos International Airport / Aegis SWAT holding the taxiway line; the LSIA surface on the line of sixty-three prop_roadpole_01a running from (-1398, -3183, 13.15) to (-1121, -2690, 12.95), five hundred and sixty-six meters at a constant z 13; live survey pending
M69.Ramp	-1398.000	-3183.000	13.100	240	land	estimate	Los Santos International Airport / the C-130 cargo ramp at the far end of the pole line; the LSIA surface on the line of sixty-three prop_roadpole_01a running from (-1398, -3183, 13.15) to (-1121, -2690, 12.95), five hundred and sixty-six meters at a constant z 13; live survey pending
M70.Start	-1700.000	-3070.000	13.000	240	land	estimate	Los Santos International Airport / the open apron at the south-west of LSIA; the survey puts 144.8 m clear here, the widest thing at airport level and the only place a C-130 and a three-wave fight both fit, live survey pending
M70.IceStart	-1706.000	-3074.000	13.000	240	land	estimate	Los Santos International Airport / the open apron at the south-west of LSIA; the survey puts 144.8 m clear here, the widest thing at airport level and the only place a C-130 and a three-wave fight both fit, live survey pending
M70.GohanStart	-1694.000	-3074.000	13.000	240	land	estimate	Los Santos International Airport / the open apron at the south-west of LSIA; the survey puts 144.8 m clear here, the widest thing at airport level and the only place a C-130 and a three-wave fight both fit, live survey pending
M70.GuessStart	-1700.000	-3080.000	13.000	240	land	estimate	Los Santos International Airport / the open apron at the south-west of LSIA; the survey puts 144.8 m clear here, the widest thing at airport level and the only place a C-130 and a three-wave fight both fit, live survey pending
M70.Plane	-1710.000	-3080.000	13.000	240	land	estimate	Los Santos International Airport / the grounded C-130 on the apron; the open apron at the south-west of LSIA; the survey puts 144.8 m clear here, the widest thing at airport level and the only place a C-130 and a three-wave fight both fit, live survey pending
M70.Wave1	-1640.000	-3040.000	13.000	240	land	estimate	Los Santos International Airport / where a wave of PMC commandos comes onto the apron; the open apron at the south-west of LSIA; the survey puts 144.8 m clear here, the widest thing at airport level and the only place a C-130 and a three-wave fight both fit, live survey pending
M70.Wave2	-1770.000	-3040.000	13.000	240	land	estimate	Los Santos International Airport / where a wave of PMC commandos comes onto the apron; the open apron at the south-west of LSIA; the survey puts 144.8 m clear here, the widest thing at airport level and the only place a C-130 and a three-wave fight both fit, live survey pending
M70.Wave3	-1710.000	-3170.000	13.000	240	land	estimate	Los Santos International Airport / where a wave of PMC commandos comes onto the apron; the open apron at the south-west of LSIA; the survey puts 144.8 m clear here, the widest thing at airport level and the only place a C-130 and a three-wave fight both fit, live survey pending
M70.Water	-1880.000	-3200.000	0.000	240	water	estimate	Los Santos International Airport / the Pacific off the end of the runway, where the plane goes in; the depth is checked at runtime because a ditching onto dry land is not an ending
SM09.Start	409.000	-1618.000	29.300	320	land	estimate	Rancho / the LSPD auto pound, where the prototype is impounded; live survey pending
SM09.Pound	409.000	-1625.000	29.300	320	land	estimate	Rancho / the impounded prototype bay in the pound; live survey pending
SM09.Berth	990.000	-2893.000	5.300	180	land	estimate	Terminal / the container on the Terminal Island quay, among the moorings at y=-2899 and under the port_xr_lifep cranes at (981.4, -2865.4, 11.02); live survey pending
BM01.Start	-1226.0	5268.0	49.5	300	land	estimate	Chiliad Mountain State Wilderness
BM01.IceStart	-1223.0	5263.0	49.5	300	land	estimate	Chiliad Mountain State Wilderness
BM01.GohanStart	-1229.0	5264.0	49.5	300	land	estimate	Chiliad Mountain State Wilderness
BM01.GuessStart	-1226.0	5273.0	49.5	300	land	estimate	Chiliad Mountain State Wilderness
BM01.Truck	-1219.0	5272.0	49.5	300	land	estimate	Chiliad Mountain State Wilderness
BM01.Approach	-688.0	5885.0	15.5	0	land	estimate	Paleto Forest
BM01.Gate	-705.0	5945.0	15.5	90	land	estimate	Paleto Forest
BM01.Guard1	-700.0	5951.0	15.5	90	land	estimate	Paleto Forest
BM01.Guard2	-702.0	5938.0	15.5	90	land	estimate	Paleto Forest
BM01.Guard3	-716.0	5953.0	16.5	90	land	estimate	Paleto Forest
BM01.Guard4	-713.0	5934.0	16.5	90	land	estimate	Paleto Forest
BM01.Guard5	-690.0	5941.0	15.0	90	land	estimate	Paleto Forest
BM01.Yard1	-760.0	5944.0	19.2	90	land	estimate	Paleto Forest
BM01.Yard2	-770.0	5930.0	19.9	90	land	estimate	Paleto Forest
BM01.Yard3	-751.0	5930.0	18.5	90	land	estimate	Paleto Forest
BM01.Osprey	-738.0	5942.0	18.0	90	land	estimate	Paleto Forest
BM01.Pilot	-755.0	5951.0	19.0	120	land	estimate	Paleto Forest
BM01.Flight01	-684.0	5925.0	14.0	0	land	estimate	Paleto Bay
BM01.Flight02	-509.3	5850.6	32.0	0	land	estimate	Paleto Bay
BM01.Flight03	-425.8	5968.4	30.2	0	land	estimate	Paleto Bay
BM01.Flight04	-355.6	6044.8	29.9	0	land	estimate	Paleto Bay
BM01.Flight05	-284.2	6113.3	30.3	0	land	estimate	Paleto Bay
BM01.Flight06	-207.0	6192.6	30.2	0	land	estimate	Paleto Bay
BM01.Flight07	-126.9	6231.7	29.9	0	land	estimate	Paleto Bay
BM01.Flight08	-7.6	6347.2	30.3	0	land	estimate	Paleto Bay
BM01.Flight09	96.5	6445.4	29.9	0	land	estimate	Paleto Bay
BM01.Flight10	215.2	6539.2	29.8	0	land	estimate	Paleto Bay
BM01.Flight11	342.0	6554.4	27.1	0	land	estimate	Paleto Bay
BM01.Flight12	503.7	6540.8	25.6	0	land	estimate	Paleto Bay
BM01.Flight13	644.5	6509.6	26.7	0	land	estimate	Mount Chiliad
BM01.Flight14	785.9	6483.1	23.2	0	land	estimate	Mount Chiliad
BM01.Flight15	947.6	6506.5	19.9	0	land	estimate	Mount Chiliad
BM01.Flight16	1109.5	6511.8	19.9	0	land	estimate	Mount Chiliad
BM01.Flight17	1259.8	6508.5	19.1	0	land	estimate	Mount Chiliad
BM01.Getaway	1502.2	6492.1	20.2	0	land	estimate	Mount Chiliad
